guest_id,name,first_name,last_name,"Preferred Name for Badge (e.g., Korean name)",Current Company or Organization,Job Title,Which domain(s) best describe your area of expertise or interest? (Select up to 2),(First-timers only) How did you hear about us?
gst-g3FmvqmPluGtZhI,Alexandra Baldessari,Alexandra,Baldessari,Alex Baldessari,Korea-America Student Conference,Young Professional,"Government / Public Policy, Other",Through the Korea-America Student Conference!
gst-oQ8Qoxl0si2Ux21,Alex Moon,Alex,Moon,Alex Moon,Coupa Software,Product Manager,"Artificial Intelligence / Machine Learning, Entrepreneurship / Startups",
gst-RbaMZXJXuOPNjlg,Amma Damir,Amma,Damir,Amma,KASC,delegate ,Law / Regulation / IP / Policy,KASC organization 
gst-zPtuUvv0AHWpE9t,Andy_YW Ha,Andy,Ha,Andy Ha,Valley Innovation Partners,Co-Founder,Other,
gst-2YJR4mkMCw1tfiK,Yeonwoo Jeong,Yeonwoo,Jeong,Aria Jeong,None,None,"Data Science / Data Engineering, Quantum Computing / Cryptography",
gst-heNAIsCCUUeJHcF,Austin Willson,Austin,Willson,Austin Willson,Korean American Student Conference,Student,"Finance / Investment / VC, Government / Public Policy",I heard about you from our student conference leaders.
gst-OHVcguGslVi3CxD,Aykut fuat zafer,Aykut,Fuat Zafer,Aykut,Raiderslab,Founder,Finance / Investment / VC,
gst-ixG7WyOntFD0ECD,Bahar Hassantash,Bahar,Hassantash,Bahar,KASC,EC,Law / Regulation / IP / Policy,
gst-G1hogbSdARH5dzt,Benjamin Reilman ,Benjamin,Reilman,Ben,KASC,Graduate Student,"Government / Public Policy, Law / Regulation / IP / Policy",
gst-EEGWzgiZrNaxq5v,Beth Yun,Beth,Yun,Beth Yun,Monta Vista High School,High School Student,Business / Law,
gst-AvnCLnJTAxbZOvL,Bohyoung Lee,Bohyoung,Lee,Bo Hyoung Lee,Shin&Kim LLC/Stanford Lawschool,Attorney at Law ,"Medical Devices / Digital Health, Healthcare / Clinical Medicine",
gst-aH54LdURnIkc76J,Bobby Lee,Bobby,Lee,Bobby,Samsung Electronics America,Content Ops Lead,"Artificial Intelligence / Machine Learning, Entrepreneurship / Startups, Data Science / Data Engineering",82 Startup
gst-fT1ZZV8NJRWECZS,Bumsoo Kim,Bumsoo,Kim,Bumsoo Kim,Quantum Prime Ventures,Managing Partner,Artificial Intelligence / Machine Learning,
gst-wJbvURxW8amWHCt,Conrad Chipman,Conrad,Chipman,Conrad Stone Chipman / 이민준,Georgetown University Walsh School of Foreign Service,Graduate Student,"Government / Public Policy, Other",I am attending as a member of the Korea America Student Conference (KASC).
gst-glSap0MEjA6aQIs,Daniel Chung,Daniel,Chung,Daniel Chung,NKABA,Board Member,"Law / Regulation / IP / Policy, Government / Public Policy",
gst-v8AmYkWX6PaBuEh,Eun Hee Koo,Eun Hee,Koo,Dr. Eun Hee Koo,Korean Language and Cultuee Foundation,Chairperson of Board of Directors,Education / Academia,Friend
gst-CqRvWZwQQfsAF82,Eli Kim,Eli,Kim,Eli Kim,Lick-Wilmerding High School,Student,Biotech / Pharmaceuticals / Drug Discovery,I was researching online about Ai
gst-EwCH5LiKENfh3Eg,Ethan Park,Ethan,Park,Ethan Park,inference.ai,Product Growth Lead,"Artificial Intelligence / Machine Learning, Healthcare / Clinical Medicine",Luma
gst-Wbh1vgJcZqFsuqs,Eugene J,Eugene,J,Eugene,Wasder,founder,"Artificial Intelligence / Machine Learning, Finance / Investment / VC",
gst-lgJkhZ0dKMwJrCF,Eunji Kwak,Eunji,Kwak,Eunji,Stanford University,Postdoc,"Healthcare / Clinical Medicine, Other",
gst-zOgTkJCP4TyWZih,Ga-Eun Kim,Ga-Eun,Kim,Ga-Eun Kim,Siemens Healthineers,Commercial Operations Intern,"Medical Devices / Digital Health, Other",Word of Mouth
gst-OEiBBznOdWrkf62,Ellie,Gabrielle,Drinkwine,Gabrielle Drinkwine,KASC,Recruitment and Programming Chair,Government / Public Policy,KASC
gst-CEDqhhyfmvVwrut,gene kim,Gene,Kim,Gene Kim,Dragon Startups,Founder,"Healthcare / Clinical Medicine, Artificial Intelligence / Machine Learning, Biotech / Pharmaceuticals / Drug Discovery, Medical Devices / Digital Health, Entrepreneurship / Startups",
gst-OHEVP8w72SQZtUe,George Zane,George,Zane,George,HillTop / Neo4j,VP,"Artificial Intelligence / Machine Learning, Data Science / Data Engineering, Robotics / Automation",SBC2026
gst-i9hCmH3RrAfwKgB,Goonho Park,Goonho,Park,Gonho Park,PathoBrainSeq Inc.,CEO,"Healthcare / Clinical Medicine, Artificial Intelligence / Machine Learning, Biotech / Pharmaceuticals / Drug Discovery",
gst-0cFb7nbw9Uy2BGc,Goonho Park,Goonho,Park,Goonho Park,PATHOBRAINSEQ Inc.,CEO,"Biotech / Pharmaceuticals / Drug Discovery, Healthcare / Clinical Medicine",
gst-lRFy65YauivLMfQ,Grace Shields,Grace,Shields,Grace,KASC19,Delegate,"Education / Academia, Artificial Intelligence / Machine Learning",KASC19!
gst-RbkEARJeRMsSg6H,Guhyung Kwon,Guhyung,Kwon,Guhyung Kwon,KDB Silicon Valley,Investment Director,"Artificial Intelligence / Machine Learning, Finance / Investment / VC, Robotics / Automation",SNU Alumni channel 
gst-PgV6i6WdGiiZQ9S,Gyehyon Andrea Jo,Gyehyon Andrea,Jo,Gyehyon Andrea Jo,MVLASF Holdings ,CEO,"Data Science / Data Engineering, Artificial Intelligence / Machine Learning",
gst-QXZ2TnHdcIMJcdT,Hagoon Jang,Hagoon,Jang,Hagoon,Stanford Medicine,Sr research scientist,"Biotech / Pharmaceuticals / Drug Discovery, Genomics / Precision Medicine",
gst-6RucU8Ks6OnCTI8,Hansol,Hansol,,Hansol Lim ,Stanford ,Postdoctoral ,"Healthcare / Clinical Medicine, Education / Academia, Biotech / Pharmaceuticals / Drug Discovery",
gst-AuzCDiX5B62f0We,Lindsey Chang,,,Hayeo,Coupang,Product Analyst,Artificial Intelligence / Machine Learning,Reference
gst-dwEcXknqQPlBzZq,Hye-Jin Oh,Hye-Jin,Oh,HJ,Applied Intuition,Technical Recruiter,Artificial Intelligence / Machine Learning,Friend
gst-DQakzq7YfqYYLxQ,Hye Rin Shim,Hye Rin,Shim,Hye Rin Shim,Inje Univ.,professor,Education / Academia,
gst-in2Sj0Kba8mIy1L,Hyein Kim,Hyein,Kim,Hyein Kim,KASC,Chair of KASC19,"Data Science / Data Engineering, Entrepreneurship / Startups",
gst-qer1SzXC7FsOmbf,이혜성,혜성,이,Hyeseong Lee,Chung-Ang University/ San Jose State University,Master’s Student/Researcher,"Artificial Intelligence / Machine Learning, Cybersecurity / Privacy",지인 소개
gst-YvX8rZwauoztlNg,Hyewon Jeong,Hyewon,Jeong,Hyewon,"KYAC member, Leigh High School",Student,Biotech / Pharmaceuticals / Drug Discovery,
gst-QZ2CuH0FVf2inDg,Hyun Joon Cha,Hyun Joon,Cha,Hyun Joon Cha,Stanford,Visiting student,"Robotics / Automation, Artificial Intelligence / Machine Learning",from bay area-snu kakaotalk 
gst-QBzqk9YvUw7wnOq,In Sung Cho,In Sung,Cho,Insung Cho,Korea Institute of Indutrial Technology,Director,Robotics / Automation,
gst-ryMH45oepMrAy2h,JANGUK HWANG,Janguk,Hwang,JANGUK HWANG,Inje University,Student,"Robotics / Automation, Artificial Intelligence / Machine Learning",
gst-PsMQufspcf0Wvxl,Jimmy Choi,JangYoung,Choi,JangYoung Choi,Pertineo,Founder,Artificial Intelligence / Machine Learning,
gst-n7TOHkhmipnFOZR,Jason Kim,Jason,Kim,Jason Kim (김승민),"ONK Technology, Inc.",CEO / Chief Systems Architect ,"Artificial Intelligence / Machine Learning, Robotics / Automation",
gst-oqCwhkGHpMU8zSm,이건희,건희,이,Jason Lee,Klaim,AI engineer,Other,From School
gst-gALcJ1AQrHlNE4X,Jason Lim,Jason,Lim,Jason Lim,Apple,Manager of Identity Products Management,"Government / Public Policy, Cybersecurity / Privacy",
gst-PCMWCo67rXcPfBw,Jeff Kim,Jeff,Kim,Jeff Kim,Google,Software Engineer,"Entrepreneurship / Startups, Artificial Intelligence / Machine Learning",
gst-jz6rZUqG0YDR6EL,Jennifer Kim Lin,,,Jennifer Kim Lin,varied,founder,"Cybersecurity / Privacy, Artificial Intelligence / Machine Learning",stanford
gst-50EgmGEF68monCD,Ahreum Hong,Ahreum,Hong,Jenny,Kyung Hee University,Prof. ,Artificial Intelligence / Machine Learning,
gst-BKsd3wecVu4IlEt,Jesse,Jesse,,Jesse,Blackhoods,Ceo,Artificial Intelligence / Machine Learning,
gst-0X5dzALDKjDS5wO,JINHEE LEE,Jinhee,Lee,Jinhee Lee,Stanford university,MD,"Healthcare / Clinical Medicine, Medical Devices / Digital Health",
gst-AYVYVzyrfGW6H28,Jiyoon Kim,,,Jiyoon,NVIDIA,Robotics IBD,"Robotics / Automation, Artificial Intelligence / Machine Learning",
gst-R4zB8Ku1Qbpy4ZX,Bernie K,Bernie,Kong,Joey,okx.com,regional cfo,Artificial Intelligence / Machine Learning,
gst-BBSV3VJORjMfnhy,Jongmin Sung,Jongmin,Sung,Jongmin Sung,Scale AI,HFC,"Healthcare / Clinical Medicine, Artificial Intelligence / Machine Learning, Biotech / Pharmaceuticals / Drug Discovery, Medical Devices / Digital Health, Genomics / Precision Medicine, Diagnostics / Biomarkers, Data Science / Data Engineering",
gst-mg3bT5STbsAV0UI,Lu,혜성,이,Jooae Kim ,Santa Clara,- ,Other,
gst-97JTGJylQ4uUGYq,June,June,Jeon,June Jeon,AegisData,AI Engineering Intern,Artificial Intelligence / Machine Learning,From Luma
gst-BKeXO2mzJalugeo,Kaden Sung,Kaden,Sung,Kaden Sung,Stanford School of Medicine,Student Intern,"Healthcare / Clinical Medicine, Biotech / Pharmaceuticals / Drug Discovery",
gst-AOn3NheiVDxK9SF,Karen Lee,,,KaEun,Bank of America/Merrill,Financial Solutions Advisor,Finance / Investment / VC,
gst-EPgvghbXgH2iDZw,Kay,Kay,H,Kay Ha,Nextapro,CEO,Other,
gst-G3Xiy4vZEYPS2Aj,Kevin Choi,Kevin,Choi,Kevin,Stanford Health Care,Sr. Data Analyst,"Data Science / Data Engineering, Healthcare / Clinical Medicine",
gst-ucnoC2x7PrLNWpy,Krish Paul,Krish,Paul,Krish,Purdue University,College Freshman Student,Other,Friend
gst-CcuSn9qwdwwFjeG,Kumhee Kim,Kumhee,Kim,Kumhee Kim,Silicon Valley Korean American Federation,President,Other,SNS 
gst-RZIpqmziecqyW3z,Kwon Dongwoo,Dongwoo,Kwon,Kwon Dongwoo,Daegu software meister high school ,Student,Finance / Investment / VC,
gst-lPrRicjXW7rE9tB,Kyaw Za Zaw,Kyaw Za,Zaw,Kyaw Za Zaw,Apple,Software Engineer,"Artificial Intelligence / Machine Learning, Diagnostics / Biomarkers",
gst-0G1cNklMV4wcTa2,Kyeongran Yoo,Kyeongran,Yoo🩷,Kyeongran Yoo,Solidigm ,NAND Algorithm Architect,Other,
gst-o5naKqatpeGhLZh,Kyungtae Kim,Kyungtae,Kim,Kyungtae ,Ministry of Foreign Affairs of Korea ,Secretary,Government / Public Policy,
gst-bi8v9LYv0qXhE5C,Lotus Wu,Lotus,Wu,Lotus Wu,University of Washington,Student,"Artificial Intelligence / Machine Learning, Finance / Investment / VC",Sunghee Yun referral
gst-kB68uHPGLJDXGCn,Marcin,Marcin,Michalak,Marcin,AgentX,CTO & Founder,"Artificial Intelligence / Machine Learning, Healthcare / Clinical Medicine",
gst-prk1WijxpSCMUjt,Marco Infosino,Marco,Infosino,Marco Infosino,Korea America Student Conference,Treasurer,"Law / Regulation / IP / Policy, Government / Public Policy",Friend/Coworker
gst-IBC1rq1joPNrLFk,Mark Lin,Mark,Lin,Mark,Milkyway cloud ,CEO,"Artificial Intelligence / Machine Learning, Genomics / Precision Medicine",
gst-6YucGoca4Lcr4BP,Michael Kwon,Michael,Kwon,Michael Kwon,AegisData,Intern,"Data Science / Data Engineering, Artificial Intelligence / Machine Learning",
gst-oINECrmE64hEq8g,Michael Kwon,Michael,Kwon,Michael Kwon,AegisData,Intern,"Data Science / Data Engineering, Artificial Intelligence / Machine Learning",
gst-0aGoiWDrWVJPxYM,Mike Pak,Mike,Pak,Mike Kyu Hyon Pak,WBD,CTO,"Entrepreneurship / Startups, Artificial Intelligence / Machine Learning",From my network friend Wonje Lee
gst-NCRFrJoKBqEURDc,이경민,경민,이,Min lee,Self-employed,Perceived Quality & Craftsmanship Integration Lead,Other,
gst-6vGFOXbxjfK8mqE,Minha,Minha,Hwang,Minha Hwang,Microsoft,Principal Applied Scientist,"Artificial Intelligence / Machine Learning, Data Science / Data Engineering",
gst-A4PmgZPcMy32Inp,Minha Hwang,Minha,Hwang,Minha Hwang,Microsoft AI,Principal Applied Scientist,"Artificial Intelligence / Machine Learning, Data Science / Data Engineering",
gst-oqgzEoG270MFIkf,Minjee Kim,Minjee,Kim,Minjee Kim ,Teamwork commerce,Project manager ,Other,
gst-7gsV8Rwi4Jov6GQ,전민오,민오,전,mino,대구소프트웨어마이스터고등학교,학생,"Artificial Intelligence / Machine Learning, Robotics / Automation",school
gst-eCyGrQE13bZoXRB,MiSook Chung,Misook,Chung,MiSook Chung,AddVia.ai,Connector,"Entrepreneurship / Startups, Other",
gst-ZMclTTURJShxagb,Nate,Nate,Yi,Nate,PestSchool,TPM,"Artificial Intelligence / Machine Learning, Entrepreneurship / Startups",One of my interns
gst-EgZfRX0bHVs4Pni,Noah Song,Noah,Song,Noah Song,FTC CybeRavens Robotics Team,n/a,"Artificial Intelligence / Machine Learning, Finance / Investment / VC",I was recommended to this event by Dr. Koo Eun-hee
gst-cEOoYcPZZ69iuHE,Rahul Rana,Rahul,Rana,Rahul Rana,Kaliber AI,AI Researcher,"Artificial Intelligence / Machine Learning, Healthcare / Clinical Medicine",
gst-WNzWpHO8RHgCXAe,Ray Broad,Ray,Broad,Ray,KASC/UW-Madison,Student,"Government / Public Policy, Education / Academia",Through KASC.
gst-XeoPqpRtymiJI1h,Ruoxi An,Ruoxi,An,Ruoxi An,Harvard University / Stanford University ,researcher,"Artificial Intelligence / Machine Learning, Healthcare / Clinical Medicine",
gst-4EZVofw2sfPyldS,Praveen Kumar Sah,Praveen Kumar,Sah,Sah,Awign,CTO,"Artificial Intelligence / Machine Learning, Entrepreneurship / Startups, Robotics / Automation",Luma
gst-J54hleRXcshsUyB,Samuel Hwang,Samuel,Hwang,Samuel (사무엘),Not Applicable,Student,"Finance / Investment / VC, Biotech / Pharmaceuticals / Drug Discovery",I found this event through the Luma App.
gst-vMqlkV1ALRtK8um,Win Sandy Saw,Win Sandy,Saw,Sandy Saw,KASC Conference ,Nurse/ Student,"Healthcare / Clinical Medicine, Biotech / Pharmaceuticals / Drug Discovery, Medical Devices / Digital Health",
gst-OaFFDjFgLkMxPKQ,Kyung Ho Kang,Kyung Ho,Kang,Scott,LinkedIn,Software Engineer,Other,From my friend
gst-J1eBH5OMwrfqpQn,Sean Kim,Sean,Kim,Sean,Merge,Software Engineer,"Entrepreneurship / Startups, Artificial Intelligence / Machine Learning",Through friends
gst-Oh2r9Bgjf2QhciI,Sean Kwak,,,Sean Kwak,Stanford,Postdoc,Biotech / Pharmaceuticals / Drug Discovery,
gst-CoWn4HbulQb6J7O,박세빈,세빈,박,Sebin Park,daegu software meister high school,student,Other,Through school
gst-v9lICDuyiY4Hi4G,Seohyeon Kang,Seohyeon,Kang,Seohyeon,Korea University,Junior,"Finance / Investment / VC, Data Science / Data Engineering",
gst-UeJjkkevZwO1qad,Shulang,Shulang,,Shulang,Verita AI,Basic Music Expert,"Healthcare / Clinical Medicine, Medical Devices / Digital Health",Friend
gst-x2Ans3Ul6gJuhG1,Soh Kim,Soh,Kim,Soh Kim,Stanford University,Executive Director of Stanford Center of Innovation & Design,"Education / Academia, Entrepreneurship / Startups",From Sunghee Yun
gst-f8KDP59sULBbfAA,Son Kim,Kim,Son,Son Kim,Carebear,Country director,Medical Devices / Digital Health,
gst-jZpL8IpoGoy2VaB,Soye Lee,Soye,Lee,Soye Lee,DGSW,Student,"Artificial Intelligence / Machine Learning, Data Science / Data Engineering",
gst-PnBQxVdyzuZz04A,1004 Venture Partners,1004,Venture Partners,Soyoung Park,1004 Venture Partners,General Partner,Finance / Investment / VC,
gst-aPR8ozBRlEBAfSB,staaake,Staaake,IN,staaake,Staaake info@staaake.com,founder,Entrepreneurship / Startups,
gst-BYHKH1wkA6PtXYX,Suah Rhyu,Suah,Rhyu,Suah,Seoul National University,Student,"Law / Regulation / IP / Policy, Education / Academia, Government / Public Policy, Artificial Intelligence / Machine Learning",
gst-KbdzDwZiuARGYSE,Sue Kim,Sue,Kim,Sue Kim,ANAFLASH ,VP of Corporate Marketing ,Other,
gst-5UhRue9SsHN4JPv,Sunghee Yun,Sunghee,Yun,Sunghee Yun,Erudio Bio / Silicon Valley AI Nexus,Co-Founder & CTO / CEO / Leader & Chair,"Artificial Intelligence / Machine Learning, Biotech / Pharmaceuticals / Drug Discovery, Medical Devices / Digital Health, Diagnostics / Biomarkers",
gst-6HvJGTFeIu0YFWW,Sydney Littrell,Sydney,Littrell,Sydney,KASC,Student,"Education / Academia, Other",Korea America Student Conference
gst-yfHkF4oGTfzBZhq,Stella,Stella,,Tae-eun Kim,KIST,Researcher,Biotech / Pharmaceuticals / Drug Discovery,.
gst-WFyUUzrg7nWfT4F,Kim Taehun,Taehun,Kim,Taehun Kim,Inje uni,student,Other,
gst-cXEP1h2bxZ7DegG,Uinam Choi,Uinam,Choi,Uinam,MangoBoost,Senior Strategy and Operations Manager ,"Artificial Intelligence / Machine Learning, Biotech / Pharmaceuticals / Drug Discovery",
gst-xpZZui3PhbUMLMV,Wongyung Choi,,,Wongyung Choi,Stanford Medicine,Student Researcher,"Biotech / Pharmaceuticals / Drug Discovery, Genomics / Precision Medicine",
gst-28y6lfjo3D9N9ZT,Woohyuk Kang,Woohyuk,Kang,Woohyuk Kang ,HTPeo,Founder & CEO,"Artificial Intelligence / Machine Learning, Robotics / Automation",UKF
gst-D66owLNXfIXrQUp,Yeseom Son,Yeseom,Son,Yeseom,None,Architect,Finance / Investment / VC,
gst-vzAMgZlvxgDO9oL,YONGWOO JO,Yongwoo,Jo,Yongwoo Jo,SSI,Sr Engineer,"Artificial Intelligence / Machine Learning, Quantum Computing / Cryptography",
gst-PjQM7ylok9iD5Ce,Youngwook Song,Youngwook,Song,Youngwook Song,Kim & Chang,Attorney,Law / Regulation / IP / Policy,
gst-sTrWNyeCKvsl8PQ,Daeun Kang,Daeun,Kang,강다은,Chosun ilbo,Reporter,"Law / Regulation / IP / Policy, Medical Devices / Digital Health",
gst-AEC8uH7k1JysjX4,Jiyang Kang,Jiyang,Kang,강지양,Google,TPM,"Artificial Intelligence / Machine Learning, Data Science / Data Engineering",
gst-SYJRLm31xrnUN63,Oh-Hyoung KWON,,,권오형,KOTRA,Managing Director,Government / Public Policy,
gst-j2zxMp6Sabd4CIC,김민재,민재,김,김민재,Daegu software meister high-school ,Student,Artificial Intelligence / Machine Learning,None
gst-RkfroEgtSGqrKzI,Sangjune Kim,Sangjune,Kim,김상준,Stanford University,Visiting Researcher,Other,지인 소개
gst-CfpiwC8Q1JGnX1u,Seon Min Kim,Seon Min,Kim,김선민,UCSF,Data Scientist,"Healthcare / Clinical Medicine, Biotech / Pharmaceuticals / Drug Discovery",
gst-bkSzoRcqiVOJb5g,Inkyu Kim,Inkyu,Kim,김인규,Korea University,Student,Education / Academia,
gst-VG0eOfjPBwRDjnh,Jaihoon Kim,Jaihoon,kim,김재훈,KAIST / Netflix,Student,Artificial Intelligence / Machine Learning,
gst-dTFsGE6PViXoIrC,김하나,하나,김,김하나,대구 소프트웨어 마이스터 고등학교,개발자,"Artificial Intelligence / Machine Learning, Finance / Investment / VC, Entrepreneurship / Startups",
gst-GhY5Z8HWknJU2zz,김형진,형진,김,김형진,SAG Korea,Staff,Law / Regulation / IP / Policy,
gst-ridLAGpuD2paLwV,Naomi,Naomi,,나오미,Intel,Data Scientist ,"Finance / Investment / VC, Entrepreneurship / Startups",
gst-vb913hyJoSZJUTz,Sungjoon Nam,Sungjoon,Nam,남성준,GoCodebook Inc,CEO,Artificial Intelligence / Machine Learning,
gst-PmNM8m0vOosupcP,Chanik Park,,,박찬익,MangoBoost ,CCO,Artificial Intelligence / Machine Learning,
gst-BWBPGbDSVT9F3ZD,Valerie Grau,Valerie,Grau,발레리,Student,Student,"Law / Regulation / IP / Policy, Government / Public Policy, Education / Academia",
gst-aB3l9qDSHoEpHGS,Jaehyeok Bae,Jaehyeok,Bae,배재혁,Stanford University,PhD Student,"Artificial Intelligence / Machine Learning, Healthcare / Clinical Medicine",
gst-6vIGH5OgDTHxndC,Kyungmin Baek,B,GM,백경민,Samsung San Jose,Senior Engineer,Artificial Intelligence / Machine Learning,Luma
gst-DtvRZtCtwB3BRjK,Linda Baek,Linda,Baek,백운주,KSWAN Ventures,Founder/CEO,"Finance / Investment / VC, Entrepreneurship / Startups",
gst-qSO9qbv5CEJzsN6,Wonook Song,Wonook,Song,송원욱,NVIDIA Corp,Software Systems,Artificial Intelligence / Machine Learning,from Sunghee Yun
gst-g2SZBi8v2UCmo1F,YOUNGKI AN,Youngki,An,안영기,LG전자,HR Director,"Artificial Intelligence / Machine Learning, Robotics / Automation",
gst-E1UiPjo23eB0gmq,Ghayoung,Ghayoung,,이가영,Erudio Bio,Advisor ,Biotech / Pharmaceuticals / Drug Discovery,
gst-AAWhea5JPKbN7ji,Geonhee Lee,Geonhee,Lee,이건희,Seoul National University ,Ph.d student,"Artificial Intelligence / Machine Learning, Other",카카오톡 홍보
gst-Re22RP2YHYUL3NL,Andrew Lee,Andrew,Lee,이남욱,UC Berkeley/Stanford,Student,"Robotics / Automation, Artificial Intelligence / Machine Learning",카카오톡
gst-6Ct4icDrwmOMU7o,Deborah Lee,,,이연수 ,DLG Law Corp.,Head of US Attorney,Law / Regulation / IP / Policy,
gst-hoyh0aENFEB65YW,Jay Lee,Jay,Lee,이원표,svreboot,President,Education / Academia,
gst-FcxxNf2sqcphnUy,이윤하,윤하,이,이윤하,Daegu Software Meister High School,student,"Data Science / Data Engineering, Cybersecurity / Privacy",I found out about it through school.
gst-vBCAgPFOm1JIKvX,Chloe Lee,Chloe,Lee,이주안,Seoul National University,Medical Student,"Healthcare / Clinical Medicine, Diagnostics / Biomarkers",Sihyun Lee introduced me
gst-Y9rbG4JhlDuqEmu,Jimin Lee,Jimin,Lee,이지민,KASC,Student,"Government / Public Policy, Law / Regulation / IP / Policy",I got to know it as a KASC participant
gst-gj7MzqyAsz0eEf9,Jie Hyun Lee,Jie Hyun,Lee,이지현,ETRI,Director,"Quantum Computing / Cryptography, Other",
gst-LPseGwsT53x90QJ,TAEKWAN LEE,Taekwan,Lee,이태관,Inje university,sutdent,Other,professor
gst-UQtTBOU4YSR8GPM,Tae Yoon Lee,Tae Yoon,Lee,이태윤 (Harry Lee),Stanford University,Postdoctoral Fellow,"Data Science / Data Engineering, Medical Devices / Digital Health",I am a member of K-PAI
gst-lIMqVUsdMX9fQNG,Hyun Woo Lee,Hyun Woo,Lee,이현우,Stanford,MS Student,"Other, Finance / Investment / VC",
gst-pwpa2fMxstbJ3Lq,Evan Jang,Evan,Jang,장영준,SK Hynix,Director,"Artificial Intelligence / Machine Learning, Finance / Investment / VC",Dr. Yun Sunghee
gst-LKunxRYO9HBYuXb,Suyeon Jeong,Suyeon,Jeong,정수연,Stanford University,PhD Student,Healthcare / Clinical Medicine,
gst-vQUgfGWErGqfpTh,Kyeongrae CHO,Kyeongrae,Cho,조경래,Consulate General of Korea in San Francisco,"Consul for Science, ICT, and AI",Artificial Intelligence / Machine Learning,
gst-0J5BIXno1Kmi4f6,Anna Cho,Anna,Cho,조안나,KASC 19,Student ,Government / Public Policy,through KASC 19 
gst-i7BlhHBPWmqKSKR,ChoiYunHee,YunHee,Choi,최윤희,Daegu Software Meister High School,Student,"Artificial Intelligence / Machine Learning, Cybersecurity / Privacy",a school guide
gst-JBcmntB0tKTH65C,Eunjee,EunJee,Choi,최은지,N/A,Marketing,"Biotech / Pharmaceuticals / Drug Discovery, Artificial Intelligence / Machine Learning",
gst-ccoTkGVS1UywXef,Haeun Choi,Haeun,Choi,최하은,KASC,Undergraduate Student,"Data Science / Data Engineering, Government / Public Policy",From KASC
gst-Nv3DDGfoHVVFMin,Daniel Y Hur,Daniel,Hur,허 다니엘,UClone Inc,Founder,"Artificial Intelligence / Machine Learning, Entrepreneurship / Startups",
gst-GWzIjHYkNEssAGb,허준필,준필,허,허준필,University student,Student(for prepares startup),"Medical Devices / Digital Health, Quantum Computing / Cryptography",
gst-uEligy3DT5SlL56,홍예찬,예찬,홍,홍예찬,Inje University,Student,"Healthcare / Clinical Medicine, Entrepreneurship / Startups","I was introduced to this event by Mr. Baek Woon-joo, CEO."
gst-JkoRX60NSCGPp4O,Jiyul Hong,Jiyul,Hong,홍지율,DGSW,student,"Artificial Intelligence / Machine Learning, Data Science / Data Engineering",