guest_id,name,first_name,last_name,email,phone_number,created_at,approval_status,checked_in_at,utm_source,referrer,referred_by,qr_code_url,amount,amount_tax,amount_discount,currency,coupon_code,eth_address,solana_address,survey_response_rating,survey_response_feedback,ticket_type_id,ticket_name,"Preferred Name for Badge (e.g., Korean name)",LinkedIn Profile URL,Will you attend in person or virtually?,Current Company or Organization,Job Title,What best describes your primary role? (Select one),Which domain(s) best describe your area of expertise or interest? (Select up to 2),Any topics you’d like covered or discussed?,What do you hope to gain from this experience?,Special accommodations needed?,(First-timers only) Is this your first time attending an AI Nexus event?,(First-timers only) How did you hear about us?,(First-timers only) Would you like to join AI Nexus membership? (refer to https://sv-ai-nexus.github.io/membership/)
gst-7y3GlnzyCTt6SU8,Zoe Gu,Jimin,Gu,mintpop10@gmail.com,,2026-08-07T01:34:34.089Z,waitlist,,,,,https://luma.com/check-in/evt-LuC4mPhMgiBr2vz?pk=CgxfF75G8EYBXPC,$0.00,$0.00,$0.00,usd,,,,,,ttype-nGUs5eXCYiXQ98l,Standard,Jimin Gu,https://linkedin.com/in/99jimingu,Virtual,UC Berkeley,Post doctoral reseacher,Postdoc / Fellow,"Artificial Intelligence / Machine Learning, Robotics / Automation",,,No,Yes,"From Minha Hwang ",Yes
gst-bDn1wx8q7E0VoJU,신예원,예원,신,syw1015@taejae.ac.kr,,2026-07-30T00:17:08.220Z,approved,,,github.io,,https://luma.com/check-in/evt-LuC4mPhMgiBr2vz?pk=tfRXDfrzqwgfqHn,$0.00,$0.00,$0.00,usd,,,,,,ttype-nGUs5eXCYiXQ98l,Standard,Cindy,https://linkedin.com/school/86672564,In person,Taejae University,Faculty,Professor / Academic Faculty,"Education / Academia, Other",further education,"I hope to broaden my perspective on AI, connect with inspiring people, and learn from meaningful discussions with participants from diverse backgrounds.",No,Yes,"I'm the one who manage the students ",Yes
gst-6b1UPFpZ6IReCum,Jiseon Roh,Jiseon,Roh,rohj158@stanford.edu,,2026-07-30T00:06:45.574Z,approved,,,,,https://luma.com/check-in/evt-LuC4mPhMgiBr2vz?pk=8Q8YaRyBlSv2dPo,$0.00,$0.00,$0.00,usd,,,,,,ttype-nGUs5eXCYiXQ98l,Standard,노지선,https://linkedin.com/in/jiseonroh,In person,Parsons School of Design,Student,Other,Other,,,,,,
gst-FQlasj3TYvr8p5h,Ruiping Li,Ruiping,Li,ruipinghome@gmail.com,,2026-07-29T23:51:34.565Z,waitlist,,,AI,,https://luma.com/check-in/evt-LuC4mPhMgiBr2vz?pk=1y66DtCxsn5bafE,$0.00,$0.00,$0.00,usd,,,,,,ttype-nGUs5eXCYiXQ98l,Standard,ruiping,https://linkedin.com/in/ruiping-li,In person,Aiyudo,AI lead,AI / ML Engineer,Artificial Intelligence / Machine Learning,,,,,,Yes
gst-YjIqCzrGcuRjGFc,Xavier Huang,Xavier,Huang,hhuangweijia@gmail.com,,2026-07-29T23:17:09.338Z,waitlist,,,,,https://luma.com/check-in/evt-LuC4mPhMgiBr2vz?pk=8EDUJS9DRsUAj7d,$0.00,$0.00,$0.00,usd,,,,,,ttype-nGUs5eXCYiXQ98l,Standard,Weijia huang,https://linkedin.com/in/xavierhuang1234,In person,Lingcode,founder,Software Engineer / Developer,Artificial Intelligence / Machine Learning,How ai change peoples life,Network,No,Yes,Luma,Yes
gst-c05ruWT08qA8mAW,Soohwan Park,Soohwan,Park,soohwan0905@gmail.com,,2026-07-29T21:50:33.651Z,waitlist,,,,,https://luma.com/check-in/evt-LuC4mPhMgiBr2vz?pk=mwWwmhA8OPClDx2,$0.00,$0.00,$0.00,usd,,,,,,ttype-nGUs5eXCYiXQ98l,Standard,Soo Hwan Park,https://linkedin.com/in/soo-hwan-park-md,In person,Stanford Health,Neurology Resident Physician,Physician / Clinician,"Biotech / Pharmaceuticals / Drug Discovery, Medical Devices / Digital Health, Genomics / Precision Medicine, Diagnostics / Biomarkers, Healthcare / Clinical Medicine, Artificial Intelligence / Machine Learning",,,,Yes,,Yes
gst-jSeyr3K15FYJwDq,John Wu,John,Wu,john.wu@fullgallop.me,,2026-07-29T21:35:11.272Z,waitlist,,,,,https://luma.com/check-in/evt-LuC4mPhMgiBr2vz?pk=bwy8k6SG78n68ov,$0.00,$0.00,$0.00,usd,,,,,,ttype-nGUs5eXCYiXQ98l,Standard,John,https://linkedin.com/in/yuancheng-wu,In person,Meta,Software Engineer,Software Engineer / Developer,Artificial Intelligence / Machine Learning,,,,,friends,No
gst-r3U4qaC8TQ38I7a,Liang Wang,Liang,Wang,lewis@mustangs.vc,,2026-07-29T18:29:06.380Z,waitlist,,,LinkedIn,,https://luma.com/check-in/evt-LuC4mPhMgiBr2vz?pk=XBnatWzPA1gXXiD,$0.00,$0.00,$0.00,usd,,,,,,ttype-nGUs5eXCYiXQ98l,Standard,Lewis Wang,https://linkedin.com/in/lewisw,In person,"Mustangs Ventures ","Investor ",Founder / CEO / C-Suite,"Quantum Computing / Cryptography, Artificial Intelligence / Machine Learning",,,,,,
gst-uijklwUbzkc8tj2,Choeun Kim,Choeun,Kim,choekim@stanford.edu,,2026-07-29T18:02:43.320Z,waitlist,,,,,https://luma.com/check-in/evt-LuC4mPhMgiBr2vz?pk=AiGMOBnSiKtXS8N,$0.00,$0.00,$0.00,usd,,,,,,ttype-nGUs5eXCYiXQ98l,Standard,김초은,https://linkedin.com/in/choekim,In person,Stanford University,PhD Candidate,Graduate Student / Undergraduate Student,Medical Devices / Digital Health,,,,,,
gst-3Q1iz9ked1HBy1r,Helen Pak,Helen,Pak,helenpak0528@gmail.com,,2026-07-29T17:50:47.635Z,waitlist,,,,,https://luma.com/check-in/evt-LuC4mPhMgiBr2vz?pk=cYlaHdS1v4iJZEt,$0.00,$0.00,$0.00,usd,,,,,,ttype-nGUs5eXCYiXQ98l,Standard,Hyo-Jung,https://linkedin.com/in/helen-pak-profile,In person,Ernst & Young,Audit Intern,Graduate Student / Undergraduate Student,"Other, Education / Academia",,,,Yes,"Personal network ",No
gst-mAwJ1CU6UAoo9Y1,Robert H Lee,Robert,Lee,rlee@codex.stanford.edu,,2026-07-29T17:01:42.008Z,waitlist,,,,,https://luma.com/check-in/evt-LuC4mPhMgiBr2vz?pk=F2fq7BL3u6f4UUX,$0.00,$0.00,$0.00,usd,,,,,,ttype-nGUs5eXCYiXQ98l,Standard,이홍종,https://linkedin.com/in/goldspruce,In person,NeuroSpike,COO,Researcher / Scientist,"Healthcare / Clinical Medicine, Finance / Investment / VC",,,,,UKF Kakao Group,Yes
gst-YMkbtm1iDdDgwsF,HK Kwon,HK,Kwon,hyukmin@alumni.stanford.edu,,2026-07-29T16:25:37.482Z,waitlist,,,,,https://luma.com/check-in/evt-LuC4mPhMgiBr2vz?pk=WjhV8EPTFR9Y0RZ,$0.00,$0.00,$0.00,usd,,,,,,ttype-nGUs5eXCYiXQ98l,Standard,HK (권혁민),https://linkedin.com/in/hmkwon,In person,"SK hynix, Venture Investment",Investment Director,Investor / VC / Angel,"Artificial Intelligence / Machine Learning, Entrepreneurship / Startups",,,No,Yes,Friend referral,Yes
gst-kTrw3Jl2dK7QTTX,HyoungJu Seo,Hyoungju,Seo,shj5032@gmail.com,,2026-07-29T14:46:52.910Z,waitlist,,,,,https://luma.com/check-in/evt-LuC4mPhMgiBr2vz?pk=oGMGlmCKtLEOxt5,$0.00,$0.00,$0.00,usd,,,,,,ttype-nGUs5eXCYiXQ98l,Standard,서형주,https://linkedin.com/in/hyoungjuseo,In person,Xona Space Systems,GNC engineer,Software Engineer / Developer,"Robotics / Automation, Other",,,,,,
gst-xEVqqSe1dYABRHm,Sophia Kim,Sophia,Kim,skim23@stanford.edu,,2026-07-29T14:16:53.149Z,waitlist,,,,,https://luma.com/check-in/evt-LuC4mPhMgiBr2vz?pk=n4qJMCcIEvg9Rtl,$0.00,$0.00,$0.00,usd,,,,,,ttype-nGUs5eXCYiXQ98l,Standard,Sophia Kim,https://linkedin.com/in/tm-sophia,In person,Wordbricks,Ceo,Founder / CEO / C-Suite,"Entrepreneurship / Startups, Artificial Intelligence / Machine Learning",,,,No,Linkedin,
gst-0X5dzALDKjDS5wO,JINHEE LEE,Jinhee,Lee,jinh.lee95@gmail.com,,2026-07-29T08:21:25.770Z,approved,,,,,https://luma.com/check-in/evt-LuC4mPhMgiBr2vz?pk=nAvaf7mTJLTbONE,$0.00,$0.00,$0.00,usd,,,,,,ttype-nGUs5eXCYiXQ98l,Standard,Jinhee Lee,https://linkedin.com/in/jinhlee95,In person,Stanford university,MD,Physician / Clinician,"Healthcare / Clinical Medicine, Medical Devices / Digital Health",,,,,,
gst-RkfroEgtSGqrKzI,Sangjune Kim,Sangjune,Kim,sjkim00@stanford.edu,,2026-07-29T08:02:52.146Z,approved,,,,,https://luma.com/check-in/evt-LuC4mPhMgiBr2vz?pk=TvKH6037WTMuGG2,$0.00,$0.00,$0.00,usd,,,,,,ttype-nGUs5eXCYiXQ98l,Standard,김상준,https://linkedin.com/in/sangjune-kim,In person,Stanford University,Visiting Researcher,Researcher / Scientist,Other,,,No,Yes,지인 소개,No
gst-qSO9qbv5CEJzsN6,Wonook Song,Wonook,Song,wonook@apache.org,,2026-07-29T07:43:02.609Z,approved,,,,,https://luma.com/check-in/evt-LuC4mPhMgiBr2vz?pk=CnZeB6jEKZxQzkh,$0.00,$0.00,$0.00,usd,,,,,,ttype-nGUs5eXCYiXQ98l,Standard,송원욱,https://linkedin.com/in/wonooks,In person,NVIDIA Corp,Software Systems,Researcher / Scientist,Artificial Intelligence / Machine Learning,,,No,Yes,from Sunghee Yun,Yes
gst-lgJkhZ0dKMwJrCF,Eunji Kwak,Eunji,Kwak,eunjikwak2@gmail.com,,2026-07-29T07:40:57.711Z,approved,,,,,https://luma.com/check-in/evt-LuC4mPhMgiBr2vz?pk=ITJzbWPnPGfT4GH,$0.00,$0.00,$0.00,usd,,,,,,ttype-nGUs5eXCYiXQ98l,Standard,Eunji,https://linkedin.com/in/eunji-kwak-02b08139b,In person,Stanford University,Postdoc,Postdoc / Fellow,"Healthcare / Clinical Medicine, Other",,,,Yes,,
gst-AYVYVzyrfGW6H28,Jiyoon Kim,,,jiyoon.kim1@kellogg.northwestern.edu,,2026-07-29T07:25:37.642Z,approved,,,,,https://luma.com/check-in/evt-LuC4mPhMgiBr2vz?pk=YtiDUOnV0SkFBIF,$0.00,$0.00,$0.00,usd,,,,,,ttype-nGUs5eXCYiXQ98l,Standard,Jiyoon,https://linkedin.com/in/jiyoonkim0124,In person,NVIDIA,Robotics IBD,Business Development / Sales,"Robotics / Automation, Artificial Intelligence / Machine Learning",,,,,,
gst-RbkEARJeRMsSg6H,Guhyung Kwon,Guhyung,Kwon,hiro90@gmail.com,,2026-07-29T07:21:58.121Z,approved,,,,,https://luma.com/check-in/evt-LuC4mPhMgiBr2vz?pk=UaqyJBfCMgtSaBS,$0.00,$0.00,$0.00,usd,,,,,,ttype-nGUs5eXCYiXQ98l,Standard,Guhyung Kwon,https://linkedin.com/in/ghkwon,In person,KDB Silicon Valley,Investment Director,Investor / VC / Angel,"Artificial Intelligence / Machine Learning, Finance / Investment / VC, Robotics / Automation",AI and small businesses. Who’s gonna survive?,,No,Yes,"SNU Alumni channel ",No
gst-oqgzEoG270MFIkf,Minjee Kim,Minjee,Kim,kimminjee1128@gmail.com,,2026-07-29T07:10:33.359Z,approved,,,,,https://luma.com/check-in/evt-LuC4mPhMgiBr2vz?pk=GVSD9fkxlWLcaxS,$0.00,$0.00,$0.00,usd,,,,,,ttype-nGUs5eXCYiXQ98l,Standard,"Minjee Kim ",https://linkedin.com/in/Minjeekim1128,In person,Teamwork commerce,"Project manager ",Product Manager,Other,,,,Yes,,
gst-QZ2CuH0FVf2inDg,Hyun Joon Cha,Hyun Joon,Cha,chahj0500@gmail.com,,2026-07-29T07:10:10.169Z,approved,,,Luma Feed,,https://luma.com/check-in/evt-LuC4mPhMgiBr2vz?pk=Q6XqIORNphATiM1,$0.00,$0.00,$0.00,usd,,,,,,ttype-nGUs5eXCYiXQ98l,Standard,Hyun Joon Cha,https://linkedin.com/in/hyun-joon-cha-5b73a7293,In person,Stanford,Visiting student,Graduate Student / Undergraduate Student,"Robotics / Automation, Artificial Intelligence / Machine Learning",safe automation of dynamic system with AI,networking,No,Yes,"from bay area-snu kakaotalk ",No
gst-Oh2r9Bgjf2QhciI,Sean Kwak,,,seanckwak@stanford.edu,,2026-07-29T07:09:31.395Z,approved,,,,,https://luma.com/check-in/evt-LuC4mPhMgiBr2vz?pk=grfsViuCGIKrQMQ,$0.00,$0.00,$0.00,usd,,,,,,ttype-nGUs5eXCYiXQ98l,Standard,Sean Kwak,https://linkedin.com/in/Seanckwak,In person,Stanford,Postdoc,Postdoc / Fellow,Biotech / Pharmaceuticals / Drug Discovery,,,,,,
gst-GHKtQBkhu3Ppqob,Donghoon Kim,Donghoon,Kim,donghoonkim91@gmail.com,,2026-07-14T02:36:42.376Z,declined,,,,,https://luma.com/check-in/evt-LuC4mPhMgiBr2vz?pk=g-qaXt56oaRFvIvli,,,,,,,,,,,,Donghoon Kim,https://linkedin.com/in/donghoon-kim-983149151,In person,"Stanford University ",Postdoc,Postdoc / Fellow,Healthcare / Clinical Medicine,,,,,,
gst-vQUgfGWErGqfpTh,Kyeongrae CHO,Kyeongrae,Cho,chokyeongrae26@gmail.com,,2026-07-14T02:36:42.375Z,approved,,,,,https://luma.com/check-in/evt-LuC4mPhMgiBr2vz?pk=DVbrXo6He689vxR,$0.00,$0.00,$0.00,usd,,,,,,ttype-nGUs5eXCYiXQ98l,Standard,조경래,https://linkedin.com/in/kyeongrae-cho,In person,Consulate General of Korea in San Francisco,"Consul for Science, ICT, and AI",Government / Public Sector,Artificial Intelligence / Machine Learning,,,,,,
gst-BKeXO2mzJalugeo,Kaden Sung,Kaden,Sung,kaden.k.sung@gmail.com,,2026-07-29T06:53:12.695Z,approved,,,,jongmin.sung@gmail.com,https://luma.com/check-in/evt-LuC4mPhMgiBr2vz?pk=lhwv9ffSGxsXB1a,$0.00,$0.00,$0.00,usd,,,,,,ttype-nGUs5eXCYiXQ98l,Standard,Kaden Sung,https://linkedin.com/in/kaden-sung-115169214,In person,Stanford School of Medicine,Student Intern,Researcher / Scientist,"Healthcare / Clinical Medicine, Biotech / Pharmaceuticals / Drug Discovery",,,,Yes,,Yes
gst-ZMclTTURJShxagb,Nate,Nate,Yi,holla@nateyi.com,,2026-07-29T06:46:41.261Z,approved,,,,,https://luma.com/check-in/evt-LuC4mPhMgiBr2vz?pk=dARgzNABL4v8GM8,$0.00,$0.00,$0.00,usd,,,,,,ttype-nGUs5eXCYiXQ98l,Standard,Nate,https://linkedin.com/in/nathanyi,In person,PestSchool,TPM,Founder / CEO / C-Suite,"Artificial Intelligence / Machine Learning, Entrepreneurship / Startups",,,No,Yes,One of my interns,No
gst-yfHkF4oGTfzBZhq,Stella,Stella,,stella11@korea.ac.kr,,2026-07-29T06:29:46.007Z,approved,,,,,https://luma.com/check-in/evt-LuC4mPhMgiBr2vz?pk=cImb7pzacNdE7Cb,$0.00,$0.00,$0.00,usd,,,,,,ttype-nGUs5eXCYiXQ98l,Standard,Tae-eun Kim,https://linkedin.com/in/taeeun-‍kim-10480b283,Virtual,KIST,Researcher,Graduate Student / Undergraduate Student,Biotech / Pharmaceuticals / Drug Discovery,Neuroimmmunology,Insights about AI,No,,.,
gst-Re22RP2YHYUL3NL,Andrew Lee,Andrew,Lee,namwook0921@berkeley.edu,,2026-07-29T06:22:46.576Z,approved,,,,,https://luma.com/check-in/evt-LuC4mPhMgiBr2vz?pk=9D9DbBOOWYh01e8,$0.00,$0.00,$0.00,usd,,,,,,ttype-nGUs5eXCYiXQ98l,Standard,이남욱,https://linkedin.com/in/andrewnamwooklee,In person,UC Berkeley/Stanford,Student,Graduate Student / Undergraduate Student,"Robotics / Automation, Artificial Intelligence / Machine Learning",Physical Intelligence,Recent trends in technology,,,카카오톡,Yes
gst-xpZZui3PhbUMLMV,Wongyung Choi,,,woncho@uni.minerva.edu,,2026-07-29T06:20:49.652Z,approved,,,GMail,,https://luma.com/check-in/evt-LuC4mPhMgiBr2vz?pk=HN7FK7k6FZywcZu,$0.00,$0.00,$0.00,usd,,,,,,ttype-nGUs5eXCYiXQ98l,Standard,Wongyung Choi,https://linkedin.com/in/wongyungchoi,In person,Stanford Medicine,Student Researcher,Researcher / Scientist,"Biotech / Pharmaceuticals / Drug Discovery, Genomics / Precision Medicine",,,,,,
gst-WFyUUzrg7nWfT4F,Kim Taehun,Taehun,Kim,kth20050130@gmail.com,,2026-07-29T05:37:05.902Z,approved,,,,sayy74@gmail.com,https://luma.com/check-in/evt-LuC4mPhMgiBr2vz?pk=CpSGE18tLXvfziF,$0.00,$0.00,$0.00,usd,,,,,,ttype-nGUs5eXCYiXQ98l,Standard,Taehun Kim,https://linkedin.com/in/taehun-kim-ko,In person,Inje uni,student,Founder / CEO / C-Suite,Other,,,,,,
gst-IBC1rq1joPNrLFk,Mark Lin,Mark,Lin,nlin@mkwycloud.com,,2026-07-29T03:43:18.984Z,approved,,,,,https://luma.com/check-in/evt-LuC4mPhMgiBr2vz?pk=igF4t5HTlGHeZSo,$0.00,$0.00,$0.00,usd,,,,,,ttype-nGUs5eXCYiXQ98l,Standard,Mark,https://linkedin.com/in/mark-lin-85b3447,In person,"Milkyway cloud ",CEO,Founder / CEO / C-Suite,"Artificial Intelligence / Machine Learning, Genomics / Precision Medicine",,,,,,No
gst-sTrWNyeCKvsl8PQ,Daeun Kang,Daeun,Kang,kkang950516@gmail.com,,2026-07-14T02:36:42.375Z,approved,,,LinkedIn,,https://luma.com/check-in/evt-LuC4mPhMgiBr2vz?pk=JKQIMy33w7f5cL7,$0.00,$0.00,$0.00,usd,,,,,,ttype-nGUs5eXCYiXQ98l,Standard,강다은,https://linkedin.com/in/daeun-kang-0a3984321,In person,Chosun ilbo,Reporter,AI / ML Engineer,"Law / Regulation / IP / Policy, Medical Devices / Digital Health",,,,,,
gst-ucnoC2x7PrLNWpy,Krish Paul,Krish,Paul,krish.paul24@gmail.com,,2026-07-28T20:54:31.714Z,approved,,,,,https://luma.com/check-in/evt-LuC4mPhMgiBr2vz?pk=AcY8r4P6ya8UJ18,$0.00,$0.00,$0.00,usd,,,,,,ttype-nGUs5eXCYiXQ98l,Standard,Krish,https://linkedin.com/in/krish-paul-085534277,In person,Purdue University,College Freshman Student,Other,Other,,,,Yes,Friend,No
gst-ixG7WyOntFD0ECD,Bahar Hassantash,Bahar,Hassantash,bhasantash@gmail.com,,2026-07-28T16:01:07.339Z,approved,,,,,https://luma.com/check-in/evt-LuC4mPhMgiBr2vz?pk=ttJLXj85Cuz78An,$0.00,$0.00,$0.00,usd,,,,,,ttype-nGUs5eXCYiXQ98l,Standard,Bahar,https://linkedin.com/in/bahar-hassantash,In person,KASC,EC,Graduate Student / Undergraduate Student,Law / Regulation / IP / Policy,,,,,,
gst-6YucGoca4Lcr4BP,Michael Kwon,Michael,Kwon,minhyungmichaelkwon@gmail.com,,2026-07-28T16:01:04.551Z,approved,,,,,https://luma.com/check-in/evt-LuC4mPhMgiBr2vz?pk=UQkdAF6EzA8D0AW,$0.00,$0.00,$0.00,usd,,,,,,ttype-nGUs5eXCYiXQ98l,Standard,Michael Kwon,https://linkedin.com/in/mkwon3232,In person,AegisData,Intern,Software Engineer / Developer,"Data Science / Data Engineering, Artificial Intelligence / Machine Learning",,,,,,
gst-BWBPGbDSVT9F3ZD,Valerie Grau,Valerie,Grau,gvalerie831@gmail.com,,2026-07-28T15:57:50.237Z,approved,,,,,https://luma.com/check-in/evt-LuC4mPhMgiBr2vz?pk=Zfei7aOFVAOPwYG,$0.00,$0.00,$0.00,usd,,,,,,ttype-nGUs5eXCYiXQ98l,Standard,발레리,https://linkedin.com/in/valerie-grau,In person,Student,Student,Graduate Student / Undergraduate Student,"Law / Regulation / IP / Policy, Government / Public Policy, Education / Academia",,,,,,
gst-OaFFDjFgLkMxPKQ,Kyung Ho Kang,Kyung Ho,Kang,scottkang991103@gmail.com,,2026-07-28T06:33:38.515Z,approved,,,,,https://luma.com/check-in/evt-LuC4mPhMgiBr2vz?pk=Orwjb4v2ygNDRd9,$0.00,$0.00,$0.00,usd,,,,,,ttype-nGUs5eXCYiXQ98l,Standard,Scott,https://linkedin.com/in/scott-kang,In person,LinkedIn,Software Engineer,Software Engineer / Developer,Other,AI,Networking and knowledge,No,Yes,From my friend,Yes
gst-AuzCDiX5B62f0We,Lindsey Chang,,,chang.hayeon@gmail.com,,2026-07-28T05:23:14.461Z,approved,,,,alexmooncake@gmail.com,https://luma.com/check-in/evt-LuC4mPhMgiBr2vz?pk=RMnD1qbNGptWamq,$0.00,$0.00,$0.00,usd,,,,,,ttype-nGUs5eXCYiXQ98l,Standard,Hayeo,https://linkedin.com/in/hayeon-chang,In person,Coupang,Product Analyst,Product Manager,Artificial Intelligence / Machine Learning,,,,Yes,Reference,Yes
gst-bi8v9LYv0qXhE5C,Lotus Wu,Lotus,Wu,lotusw@uw.edu,,2026-07-28T05:21:50.172Z,approved,,,,,https://luma.com/check-in/evt-LuC4mPhMgiBr2vz?pk=mSIqoM1JiGUYtrG,$0.00,$0.00,$0.00,usd,,,,,,ttype-nGUs5eXCYiXQ98l,Standard,Lotus Wu,https://linkedin.com/in/lotuswu,In person,University of Washington,Student,Graduate Student / Undergraduate Student,"Artificial Intelligence / Machine Learning, Finance / Investment / VC","The growth of agentic AI, multi model enterprise AI approach, the future of AI.",I’m hoping to gain more connections and knowledge about AI.,No,Yes,Sunghee Yun referral,Yes
gst-UeJjkkevZwO1qad,Shulang,Shulang,,shulang070811@gmail.com,,2026-07-28T05:04:10.454Z,approved,,,,,https://luma.com/check-in/evt-LuC4mPhMgiBr2vz?pk=2FNNnxkJN4NptyJ,$0.00,$0.00,$0.00,usd,,,,,,ttype-nGUs5eXCYiXQ98l,Standard,Shulang,https://linkedin.com/in/shulang-zhang-551847364,In person,Verita AI,Basic Music Expert,Graduate Student / Undergraduate Student,"Healthcare / Clinical Medicine, Medical Devices / Digital Health",,,No,Yes,Friend,Yes
gst-LKunxRYO9HBYuXb,Sue Jeong,Sue,Jeong,suyeonbc@gmail.com,,2026-07-28T03:18:05.731Z,approved,,,Google,,https://luma.com/check-in/evt-LuC4mPhMgiBr2vz?pk=MpCAyCdVYhFMDde,$0.00,$0.00,$0.00,usd,,,,,,ttype-nGUs5eXCYiXQ98l,Standard,정수연,https://linkedin.com/in/suyeonbc,In person,Stanford University,PhD Student,Graduate Student / Undergraduate Student,Healthcare / Clinical Medicine,,,,,,
gst-dwEcXknqQPlBzZq,Hye-Jin Oh,Hye-Jin,Oh,hye-jin.oh@applied.co,,2026-07-28T01:25:26.430Z,approved,,,,,https://luma.com/check-in/evt-LuC4mPhMgiBr2vz?pk=WsqNJOfdg6nROat,$0.00,$0.00,$0.00,usd,,,,,,ttype-nGUs5eXCYiXQ98l,Standard,HJ,https://linkedin.com/in/hyejinoh,In person,Applied Intuition,Technical Recruiter,Business Development / Sales,Artificial Intelligence / Machine Learning,,Network,,Yes,Friend,
gst-GWzIjHYkNEssAGb,허준필,준필,허,junpil8849@gmail.com,,2026-07-27T22:58:22.474Z,approved,,,,,https://luma.com/check-in/evt-LuC4mPhMgiBr2vz?pk=TmuN3vSx76LJ4Rl,$0.00,$0.00,$0.00,usd,,,,,,ttype-nGUs5eXCYiXQ98l,Standard,허준필,https://linkedin.com/in/junpil-hur-86671a423,In person,University student,Student(for prepares startup),Other,"Medical Devices / Digital Health, Quantum Computing / Cryptography",,,,,,
gst-OHEVP8w72SQZtUe,George Zane,George,Zane,atheroa@outlook.com,,2026-07-27T21:50:05.620Z,approved,,,Luma,,https://luma.com/check-in/evt-LuC4mPhMgiBr2vz?pk=fXbJOskMFh9KM5d,$0.00,$0.00,$0.00,usd,,,,,,ttype-nGUs5eXCYiXQ98l,Standard,George,https://linkedin.com/company/neo4j,In person,HillTop / Neo4j,VP,Founder / CEO / C-Suite,"Artificial Intelligence / Machine Learning, Data Science / Data Engineering, Robotics / Automation",,,,Yes,SBC2026,No
gst-J54hleRXcshsUyB,Samuel Hwang,Samuel,Hwang,samuelsfca415@gmail.com,,2026-07-27T05:34:37.292Z,approved,,,,elikim2568@gmail.com,https://luma.com/check-in/evt-LuC4mPhMgiBr2vz?pk=kDhFEeNdTyxt8x8,$0.00,$0.00,$0.00,usd,,,,,,ttype-nGUs5eXCYiXQ98l,Standard,Samuel (사무엘),https://linkedin.com/in/samuel-hwang-71b81a38b,In person,Not Applicable,Student,Other,"Finance / Investment / VC, Biotech / Pharmaceuticals / Drug Discovery",N/A,Valuable insight into this specific field of profession and to network.,No,Yes,I found this event through the Luma App.,No
gst-CqRvWZwQQfsAF82,Eli Kim,Eli,Kim,elikim2568@gmail.com,,2026-07-27T05:23:13.996Z,approved,,,Luma Discover,,https://luma.com/check-in/evt-LuC4mPhMgiBr2vz?pk=ixhJidIPHnIVdIV,$0.00,$0.00,$0.00,usd,,,,,,ttype-nGUs5eXCYiXQ98l,Standard,Eli Kim,https://linkedin.com/in/eli-kim-904183402,In person,Lick-Wilmerding High School,Student,Other,Biotech / Pharmaceuticals / Drug Discovery,,I hope to gain new connections and knowledge.,No,Yes,I was researching online about Ai,No
gst-R4zB8Ku1Qbpy4ZX,Bernie K,Bernie,Kong,kongshanyang@126.com,,2026-07-27T00:29:15.952Z,approved,,,Luma Discover,,https://luma.com/check-in/evt-LuC4mPhMgiBr2vz?pk=bEQW9zetvQWl0dx,$0.00,$0.00,$0.00,usd,,,,,,ttype-nGUs5eXCYiXQ98l,Standard,Joey,https://linkedin.com/in/wjoey-kong-10740b259,In person,okx.com,regional cfo,AI / ML Engineer,Artificial Intelligence / Machine Learning,,,,,,
gst-4EZVofw2sfPyldS,Praveen Kumar Sah,Praveen Kumar,Sah,tgqbmzkxt5@privaterelay.appleid.com,,2026-07-26T23:21:36.498Z,approved,,,Luma Feed,,https://luma.com/check-in/evt-LuC4mPhMgiBr2vz?pk=qc6tcLf12FgCzU3,$0.00,$0.00,$0.00,usd,,,,,,ttype-nGUs5eXCYiXQ98l,Standard,Sah,https://linkedin.com/in/thepraveen0207,In person,Awign,CTO,Founder / CEO / C-Suite,"Artificial Intelligence / Machine Learning, Entrepreneurship / Startups, Robotics / Automation",Generate training data at scale with human,"Learn about Agentic AI
Learn bit about robotics and hardwares",No,Yes,Luma,Yes
gst-XeoPqpRtymiJI1h,Ruoxi An,Ruoxi,An,ruoxian@stanford.edu,,2026-07-26T23:18:33.081Z,approved,,,Luma Discover,,https://luma.com/check-in/evt-LuC4mPhMgiBr2vz?pk=g4ijn55GhYskoa0,$0.00,$0.00,$0.00,usd,,,,,,ttype-nGUs5eXCYiXQ98l,Standard,Ruoxi An,https://linkedin.com/in/ruoxi-an-21777b315,In person,"Harvard University / Stanford University ",researcher,Researcher / Scientist,"Artificial Intelligence / Machine Learning, Healthcare / Clinical Medicine",,,,,,
gst-CcuSn9qwdwwFjeG,Kumhee Kim,Kumhee,Kim,kumheerealtor@gmail.com,,2026-07-26T21:09:07.964Z,approved,,,,,https://luma.com/check-in/evt-LuC4mPhMgiBr2vz?pk=lAPYU98lRQXWi2Z,$0.00,$0.00,$0.00,usd,,,,,,ttype-nGUs5eXCYiXQ98l,Standard,Kumhee Kim,https://linkedin.com/in/Kumheekim,In person,Silicon Valley Korean American Federation,President,Business Development / Sales,Other,,,,Yes,"SNS ",Yes
gst-0aGoiWDrWVJPxYM,Mike Pak,Mike,Pak,mikekpak@gmail.com,,2026-07-26T13:44:34.043Z,approved,,,github.io,,https://luma.com/check-in/evt-LuC4mPhMgiBr2vz?pk=Us8BommBzSHZzXO,$0.00,$0.00,$0.00,usd,,,,,,ttype-nGUs5eXCYiXQ98l,Standard,Mike Kyu Hyon Pak,https://linkedin.com/in/mikekpak,In person,WBD,CTO,Founder / CEO / C-Suite,"Entrepreneurship / Startups, Artificial Intelligence / Machine Learning",,,,Yes,From my network friend Wonje Lee,Yes
gst-x2Ans3Ul6gJuhG1,Soh Kim,Soh,Kim,sohkim@stanford.edu,,2026-07-26T05:34:49.282Z,approved,,,,,https://luma.com/check-in/evt-LuC4mPhMgiBr2vz?pk=vlihoBYpbTfxMih,$0.00,$0.00,$0.00,usd,,,,,,ttype-nGUs5eXCYiXQ98l,Standard,Soh Kim,https://linkedin.com/in/sohyeong,In person,Stanford University,Executive Director of Stanford Center of Innovation & Design,Professor / Academic Faculty,"Education / Academia, Entrepreneurship / Startups",,,No,Yes,From Sunghee Yun,Yes
gst-NCRFrJoKBqEURDc,이경민,경민,이,itybitty@naver.com,,2026-07-14T02:36:42.375Z,approved,,,,,https://luma.com/check-in/evt-LuC4mPhMgiBr2vz?pk=vEhMCkC3DO8rwO5,$0.00,$0.00,$0.00,usd,,,,,,ttype-nGUs5eXCYiXQ98l,Standard,Min lee,https://linkedin.com/in/kyungmin-lee-31a0a4b3,In person,Self-employed,Perceived Quality & Craftsmanship Integration Lead,Consultant / Advisor,Other,"Perceived Quality and craftsmanship integration for next-generation mobility, including vehicle-level target setting, design and engineering alignment, sensory quality evaluation, and scalable standards for autonomous vehicles.","I hope to exchange ideas with industry experts, learn how leading mobility companies integrate customer experience with engineering execution, and explore new approaches to building scalable craftsmanship and perceived quality standards.",,,,
gst-vb913hyJoSZJUTz,Sungjoon Nam,Sungjoon,Nam,sungjoon@gocodebook.com,,2026-07-14T02:36:42.375Z,approved,,,,,https://luma.com/check-in/evt-LuC4mPhMgiBr2vz?pk=KEaIVGX7YFUhI19,$0.00,$0.00,$0.00,usd,,,,,,ttype-nGUs5eXCYiXQ98l,Standard,남성준,https://linkedin.com/in/sungjoonnam,In person,GoCodebook Inc,CEO,Founder / CEO / C-Suite,Artificial Intelligence / Machine Learning,,,,,,
gst-uEligy3DT5SlL56,홍예찬,예찬,홍,kiwichan1024@gmail.com,,2026-07-25T02:53:17.249Z,approved,,,,,https://luma.com/check-in/evt-LuC4mPhMgiBr2vz?pk=x90vjX7LQBpG9Vq,$0.00,$0.00,$0.00,usd,,,,,,ttype-nGUs5eXCYiXQ98l,Standard,홍예찬,https://linkedin.com/in/yechan-hong-0b67893a9,In person,Inje University,Student,Other,"Healthcare / Clinical Medicine, Entrepreneurship / Startups",,,No,,"I was introduced to this event by Mr. Baek Woon-joo, CEO.",No
gst-GhY5Z8HWknJU2zz,김형진,형진,김,hyungjinkim1209@gmail.com,,2026-07-24T23:15:51.812Z,approved,,,,,https://luma.com/check-in/evt-LuC4mPhMgiBr2vz?pk=a1P4TbJnwAPDszQ,$0.00,$0.00,$0.00,usd,,,,,,ttype-nGUs5eXCYiXQ98l,Standard,김형진,https://linkedin.com/in/hyungjin-k-3a5917345,In person,SAG Korea,Staff,Graduate Student / Undergraduate Student,Law / Regulation / IP / Policy,,,,,,
gst-LPseGwsT53x90QJ,TAEKWAN LEE,Taekwan,Lee,ltk06twin@gmail.com,,2026-07-24T13:05:11.961Z,approved,,,,,https://luma.com/check-in/evt-LuC4mPhMgiBr2vz?pk=gUg8VuYvYw16UoI,$0.00,$0.00,$0.00,usd,,,,,,ttype-nGUs5eXCYiXQ98l,Standard,이태관,https://linkedin.com/in/taekwan-lee-game,In person,Inje university,sutdent,Graduate Student / Undergraduate Student,Other,game development,the mindset of development,,Yes,professor,Yes
gst-PCMWCo67rXcPfBw,Jeff Kim,Jeff,Kim,eunkeekim@gmail.com,,2026-07-24T07:12:36.113Z,approved,,,,,https://luma.com/check-in/evt-LuC4mPhMgiBr2vz?pk=QeUjQ2yto8U2Y8w,$0.00,$0.00,$0.00,usd,,,,,,ttype-nGUs5eXCYiXQ98l,Standard,Jeff Kim,https://linkedin.com/in/eun-kee-jeff-kim,In person,Google,Software Engineer,Software Engineer / Developer,"Entrepreneurship / Startups, Artificial Intelligence / Machine Learning",Student's take on AI soverignty,A new perspective outside of silicon valley,No,No,,
gst-0cFb7nbw9Uy2BGc,Goonho Park,Goonho,Park,neuorpa@gmail.com,,2026-07-24T06:57:05.318Z,approved,,,LinkedIn,,https://luma.com/check-in/evt-LuC4mPhMgiBr2vz?pk=cM2PNDpfh9iUUlx,$0.00,$0.00,$0.00,usd,,,,,,ttype-nGUs5eXCYiXQ98l,Standard,Goonho Park,https://linkedin.com/in/goonho-park-452bab26,In person,PATHOBRAINSEQ Inc.,CEO,Founder / CEO / C-Suite,"Biotech / Pharmaceuticals / Drug Discovery, Healthcare / Clinical Medicine",,,,,,
gst-gj7MzqyAsz0eEf9,Jie Hyun Lee,Jie Hyun,Lee,jhlee@etri.re.kr,,2026-07-24T06:49:25.680Z,approved,,,,,https://luma.com/check-in/evt-LuC4mPhMgiBr2vz?pk=GRC3odIzrTsyi3A,$0.00,$0.00,$0.00,usd,,,,,,ttype-nGUs5eXCYiXQ98l,Standard,이지현,https://linkedin.com/in/jie-hyun-lee,In person,ETRI,Director,Researcher / Scientist,"Quantum Computing / Cryptography, Other",,,,,,
gst-CfpiwC8Q1JGnX1u,Seon Min Kim,Seon Min,Kim,esther.k.sf@gmail.com,,2026-07-14T02:36:42.375Z,declined,,,Luma Feed,,https://luma.com/check-in/evt-LuC4mPhMgiBr2vz?pk=g-iHbNvUqixfUdcAM,,,,,,,,,,,,김선민,https://linkedin.com/in/seon-min-kim,In person,UCSF,Data Scientist,Data Scientist / Data Engineer,"Healthcare / Clinical Medicine, Biotech / Pharmaceuticals / Drug Discovery",,,,,,
gst-CEDqhhyfmvVwrut,gene kim,Gene,Kim,gene6118@gmail.com,,2026-07-24T03:47:20.898Z,approved,,,,,https://luma.com/check-in/evt-LuC4mPhMgiBr2vz?pk=QJzN7dMomrsA1no,$0.00,$0.00,$0.00,usd,,,,,,ttype-nGUs5eXCYiXQ98l,Standard,Gene Kim,https://linkedin.com/in/gene-kim-9859926,In person,Dragon Startups,Founder,Consultant / Advisor,"Healthcare / Clinical Medicine, Artificial Intelligence / Machine Learning, Biotech / Pharmaceuticals / Drug Discovery, Medical Devices / Digital Health, Entrepreneurship / Startups",,,No,,,
gst-zOgTkJCP4TyWZih,Ga-Eun Kim,Ga-Eun,Kim,03gaeun.kim@gmail.com,,2026-07-24T03:45:04.554Z,approved,,,,,https://luma.com/check-in/evt-LuC4mPhMgiBr2vz?pk=KHjsGJcd9bcElkR,$0.00,$0.00,$0.00,usd,,,,,,ttype-nGUs5eXCYiXQ98l,Standard,Ga-Eun Kim,https://linkedin.com/in/ga-eunkim,In person,Siemens Healthineers,Commercial Operations Intern,Graduate Student / Undergraduate Student,"Medical Devices / Digital Health, Other",,,,Yes,Word of Mouth,
gst-zPtuUvv0AHWpE9t,Andy_YW Ha,Andy,Ha,ywha.p2o@gmail.com,,2026-07-24T03:39:24.490Z,approved,,,,,https://luma.com/check-in/evt-LuC4mPhMgiBr2vz?pk=nJtM8D6p62Vd1bM,$0.00,$0.00,$0.00,usd,,,,,,ttype-nGUs5eXCYiXQ98l,Standard,Andy Ha,https://linkedin.com/in/young-wook-ha,Virtual,Valley Innovation Partners,Co-Founder,Founder / CEO / C-Suite,Other,,,No,No,,
gst-UQtTBOU4YSR8GPM,Tae Yoon Lee,Tae Yoon,Lee,harrytyl@stanford.edu,,2026-07-24T02:57:13.336Z,approved,,,,,https://luma.com/check-in/evt-LuC4mPhMgiBr2vz?pk=v7kNkUZD8woHhmF,$0.00,$0.00,$0.00,usd,,,,,,ttype-nGUs5eXCYiXQ98l,Standard,이태윤 (Harry Lee),https://linkedin.com/in/harrytyl,In person,Stanford University,Postdoctoral Fellow,Postdoc / Fellow,"Data Science / Data Engineering, Medical Devices / Digital Health",,Inspirations and diverse perspectives from students,,Yes,I am a member of K-PAI,Yes
gst-gALcJ1AQrHlNE4X,Jason Lim,Jason,Lim,jason@jasonlim.net,,2026-07-23T21:59:38.810Z,approved,,,,,https://luma.com/check-in/evt-LuC4mPhMgiBr2vz?pk=2Z1DL1r2cLyKxCB,$0.00,$0.00,$0.00,usd,,,,,,ttype-nGUs5eXCYiXQ98l,Standard,Jason Lim,https://linkedin.com/in/jasonlim2000,In person,Apple,Manager of Identity Products Management,Product Manager,"Government / Public Policy, Cybersecurity / Privacy",,,No,Yes,,Yes
gst-mg3bT5STbsAV0UI,Lu,혜성,이,lhs0481@gmail.com,,2026-07-23T21:45:43.534Z,approved,,,,,https://luma.com/check-in/evt-LuC4mPhMgiBr2vz?pk=4C4tvbhmpI0X030,$0.00,$0.00,$0.00,usd,,,,,,ttype-nGUs5eXCYiXQ98l,Standard,"Jooae Kim ",,In person,Santa Clara,"- ",Other,Other,,,No,Yes,,No
gst-oINECrmE64hEq8g,Michael Kwon,Michael,Kwon,minhyungk72@gmail.com,,2026-07-23T16:45:59.378Z,approved,,,,,https://luma.com/check-in/evt-LuC4mPhMgiBr2vz?pk=PcI4OkCRzfZsZam,$0.00,$0.00,$0.00,usd,,,,,,ttype-nGUs5eXCYiXQ98l,Standard,Michael Kwon,https://linkedin.com/in/mkwon3232,In person,AegisData,Intern,Software Engineer / Developer,"Data Science / Data Engineering, Artificial Intelligence / Machine Learning",,,,,,
gst-97JTGJylQ4uUGYq,June,June,Jeon,jyunejeon@gmail.com,,2026-07-23T16:28:09.215Z,approved,,,,,https://luma.com/check-in/evt-LuC4mPhMgiBr2vz?pk=JQyNR8y0ntrdzWW,$0.00,$0.00,$0.00,usd,,,,,,ttype-nGUs5eXCYiXQ98l,Standard,June Jeon,https://linkedin.com/in/jiyoonjeonai,In person,AegisData,AI Engineering Intern,AI / ML Engineer,Artificial Intelligence / Machine Learning,Sovereign AI in Korea,"Networking for internships and grad school ",No,Yes,From Luma,
gst-PmNM8m0vOosupcP,Chanik Park,,,happyikas@gmail.com,,2026-07-14T02:36:42.375Z,approved,,,,,https://luma.com/check-in/evt-LuC4mPhMgiBr2vz?pk=XHsV4VAO8Wq4L9P,$0.00,$0.00,$0.00,usd,,,,,,ttype-nGUs5eXCYiXQ98l,Standard,박찬익,https://linkedin.com/in/chanik-park-14878b32,In person,"MangoBoost ",CCO,Founder / CEO / C-Suite,Artificial Intelligence / Machine Learning,,,,,,
gst-PjQM7ylok9iD5Ce,Youngwook Song,Youngwook,Song,haydensong@gmail.com,,2026-07-23T04:26:15.442Z,approved,,,,,https://luma.com/check-in/evt-LuC4mPhMgiBr2vz?pk=Y6Rp19lLiaCgJkJ,$0.00,$0.00,$0.00,usd,,,,,,ttype-nGUs5eXCYiXQ98l,Standard,Youngwook Song,https://linkedin.com/in/youngwook-hayden-song-a5177019,In person,Kim & Chang,Attorney,Attorney / Legal Counsel,Law / Regulation / IP / Policy,,,,,,
gst-J1eBH5OMwrfqpQn,Sean Kim,Sean,Kim,seandkim14@gmail.com,,2026-07-23T00:10:04.021Z,approved,,,LinkedIn,,https://luma.com/check-in/evt-LuC4mPhMgiBr2vz?pk=fHpasoGbZ9cOvlN,$0.00,$0.00,$0.00,usd,,,,,,ttype-nGUs5eXCYiXQ98l,Standard,Sean,https://linkedin.com/in/seandkim,Virtual,Merge,Software Engineer,Software Engineer / Developer,"Entrepreneurship / Startups, Artificial Intelligence / Machine Learning",,,No,Yes,Through friends,No
gst-EwCH5LiKENfh3Eg,Ethan Park,Ethan,Park,ethanpark@inference.ai,,2026-07-22T23:32:11.237Z,approved,,,AI,,https://luma.com/check-in/evt-LuC4mPhMgiBr2vz?pk=VlkeAG2bZBCRbaI,$0.00,$0.00,$0.00,usd,,,,,,ttype-nGUs5eXCYiXQ98l,Standard,Ethan Park,https://linkedin.com/in/ethan-park-40ba06329,In person,inference.ai,Product Growth Lead,Business Development / Sales,"Artificial Intelligence / Machine Learning, Healthcare / Clinical Medicine",,,,Yes,Luma,No
gst-pwpa2fMxstbJ3Lq,Evan Jang,Evan,Jang,yj0831.jang@gmail.com,,2026-07-22T21:02:35.108Z,approved,,,,,https://luma.com/check-in/evt-LuC4mPhMgiBr2vz?pk=KEfKbbeLmoiZsau,$0.00,$0.00,$0.00,usd,,,,,,ttype-nGUs5eXCYiXQ98l,Standard,장영준,https://linkedin.com/in/young-joon-jang-09ba7a18b,In person,SK Hynix,Director,Business Development / Sales,"Artificial Intelligence / Machine Learning, Finance / Investment / VC",,,,Yes,Dr. Yun Sunghee,
gst-aPR8ozBRlEBAfSB,staaake,Staaake,IN,info@staaake.com,,2026-07-22T18:26:20.792Z,approved,,,AI,,https://luma.com/check-in/evt-LuC4mPhMgiBr2vz?pk=FIg5uA9lKJnsAzV,$0.00,$0.00,$0.00,usd,,,,,,ttype-nGUs5eXCYiXQ98l,Standard,staaake,https://linkedin.com/in/rahghosh,In person,Staaake info@staaake.com,founder,Postdoc / Fellow,Entrepreneurship / Startups,,,,,,
gst-PsMQufspcf0Wvxl,Jimmy Choi,JangYoung,Choi,jimmy1020119@khu.ac.kr,,2026-07-22T17:17:40.556Z,approved,,,AI,,https://luma.com/check-in/evt-LuC4mPhMgiBr2vz?pk=fcvlSqpyS0gMVk7,$0.00,$0.00,$0.00,usd,,,,,,ttype-nGUs5eXCYiXQ98l,Standard,JangYoung Choi,https://linkedin.com/in/jang-young-choi,In person,Pertineo,Founder,AI / ML Engineer,Artificial Intelligence / Machine Learning,,,No,Yes,,Yes
gst-ryMH45oepMrAy2h,JANGUK HWANG,Janguk,Hwang,jangukhwang.project@gmail.com,,2026-07-22T15:42:06.120Z,approved,,,github.io,,https://luma.com/check-in/evt-LuC4mPhMgiBr2vz?pk=VR7za8o5YH9oM5x,$0.00,$0.00,$0.00,usd,,,,,,ttype-nGUs5eXCYiXQ98l,Standard,JANGUK HWANG,https://linkedin.com/in/janguk-hwang-2b439441a,In person,Inje University,Student,Graduate Student / Undergraduate Student,"Robotics / Automation, Artificial Intelligence / Machine Learning",,I would like to know the future outlook for AI.,No,Yes,,Yes
gst-cXEP1h2bxZ7DegG,Uinam Choi,Uinam,Choi,uinam.choi@mangoboost.io,,2026-07-22T00:16:22.986Z,approved,,,,alexmooncake@gmail.com,https://luma.com/check-in/evt-LuC4mPhMgiBr2vz?pk=iDf4BGIfeLM1yN3,$0.00,$0.00,$0.00,usd,,,,,,ttype-nGUs5eXCYiXQ98l,Standard,Uinam,https://linkedin.com/in/uinamchoi,In person,MangoBoost,"Senior Strategy and Operations Manager ",Business Development / Sales,"Artificial Intelligence / Machine Learning, Biotech / Pharmaceuticals / Drug Discovery",,,No,Yes,,No
gst-50EgmGEF68monCD,Ahreum Hong,Ahreum,Hong,ahreumhong00@gmail.com,,2026-07-21T23:25:13.134Z,approved,,,,,https://luma.com/check-in/evt-LuC4mPhMgiBr2vz?pk=wGA808ZQ22qE8M5,$0.00,$0.00,$0.00,usd,,,,,,ttype-nGUs5eXCYiXQ98l,Standard,Jenny,https://linkedin.com/in/ahreum-hong-02211b247,Virtual,Kyung Hee University,"Prof. ",Consultant / Advisor,Artificial Intelligence / Machine Learning,"Agent AI with Non-Human Innovator : Token Economy ",,No,Yes,,Yes
gst-glSap0MEjA6aQIs,Daniel Chung,Daniel,Chung,flivver76@gmail.com,,2026-07-21T18:23:23.538Z,approved,,,,,https://luma.com/check-in/evt-LuC4mPhMgiBr2vz?pk=fSB0u49KQAFTvCh,$0.00,$0.00,$0.00,usd,,,,,,ttype-nGUs5eXCYiXQ98l,Standard,Daniel Chung,https://linkedin.com/in/chungforchange,In person,NKABA,Board Member,Attorney / Legal Counsel,"Law / Regulation / IP / Policy, Government / Public Policy",,,,,,
gst-AAWhea5JPKbN7ji,Geonhee Lee,Geonhee,Lee,geon@stanford.edu,,2026-07-21T15:09:57.532Z,approved,,ig,Meta Ad,,https://luma.com/check-in/evt-LuC4mPhMgiBr2vz?pk=zm0S6fhTSe8lDjt,$0.00,$0.00,$0.00,usd,,,,,,ttype-nGUs5eXCYiXQ98l,Standard,이건희,https://linkedin.com/in/geonhee-lee-6a65a83a5,In person,"Seoul National University ",Ph.d student,Researcher / Scientist,"Artificial Intelligence / Machine Learning, Other",,,,Yes,카카오톡 홍보,Yes
gst-DQakzq7YfqYYLxQ,Hye Rin Shim,Hye Rin,Shim,hshim@inje.ac.kr,,2026-07-21T11:47:27.500Z,approved,,,,,https://luma.com/check-in/evt-LuC4mPhMgiBr2vz?pk=qcDVECHIzrRGbXF,$0.00,$0.00,$0.00,usd,,,,,,ttype-nGUs5eXCYiXQ98l,Standard,Hye Rin Shim,https://linkedin.com/in/hyerin-shim-a46497423,In person,Inje Univ.,professor,Professor / Academic Faculty,Education / Academia,,,,,,
gst-f8KDP59sULBbfAA,Son Kim,Kim,Son,sonwonkim@gmail.com,,2026-07-21T00:11:19.171Z,approved,,,,,https://luma.com/check-in/evt-LuC4mPhMgiBr2vz?pk=jZh1YPOdbcxlv7Q,$0.00,$0.00,$0.00,usd,,,,,,ttype-nGUs5eXCYiXQ98l,Standard,Son Kim,https://linkedin.com/in/sonwonkim,In person,Carebear,Country director,Founder / CEO / C-Suite,Medical Devices / Digital Health,service,ai technology adaptation,,,,
gst-DtvRZtCtwB3BRjK,Linda Baek,Linda,Baek,sayy74@gmail.com,,2026-07-20T23:02:32.174Z,approved,,,,,https://luma.com/check-in/evt-LuC4mPhMgiBr2vz?pk=J3zmbAwvKhWUqo9,$0.00,$0.00,$0.00,usd,,,,,,ttype-nGUs5eXCYiXQ98l,Standard,백운주,https://linkedin.com/in/linda-woonju-baek,In person,KSWAN Ventures,Founder/CEO,Investor / VC / Angel,"Finance / Investment / VC, Entrepreneurship / Startups",,,,,,
gst-aH54LdURnIkc76J,Bobby Lee,Bobby,Lee,bobbyleeresume@gmail.com,,2026-07-14T02:36:42.375Z,approved,,,,,https://luma.com/check-in/evt-LuC4mPhMgiBr2vz?pk=fijUE069HQgvHUd,$0.00,$0.00,$0.00,usd,,,,,,ttype-nGUs5eXCYiXQ98l,Standard,Bobby,https://linkedin.com/in/bobby-young-lee,In person,Samsung Electronics America,Content Ops Lead,Product Manager,"Artificial Intelligence / Machine Learning, Entrepreneurship / Startups, Data Science / Data Engineering",,,,Yes,82 Startup,Yes
gst-G3Xiy4vZEYPS2Aj,Kevin Choi,Kevin,Choi,kevinschoi0214@gmail.com,,2026-07-14T02:36:42.375Z,approved,,,,,https://luma.com/check-in/evt-LuC4mPhMgiBr2vz?pk=ZdElRAZMDqxd9AZ,$0.00,$0.00,$0.00,usd,,,,,,ttype-nGUs5eXCYiXQ98l,Standard,Kevin,https://linkedin.com/in/kevinschoi,In person,Stanford Health Care,Sr. Data Analyst,Data Scientist / Data Engineer,"Data Science / Data Engineering, Healthcare / Clinical Medicine",,,,No,,
gst-wJbvURxW8amWHCt,Conrad Chipman,Conrad,Chipman,cc2684@georgetown.edu,,2026-07-20T06:10:50.345Z,approved,,,,,https://luma.com/check-in/evt-LuC4mPhMgiBr2vz?pk=k8x7Obpd5FWxPwW,$0.00,$0.00,$0.00,usd,,,,,,ttype-nGUs5eXCYiXQ98l,Standard,Conrad Stone Chipman / 이민준,https://linkedin.com/in/conrad-chipman,In person,Georgetown University Walsh School of Foreign Service,Graduate Student,Graduate Student / Undergraduate Student,"Government / Public Policy, Other",How US-ROK relations intersect with AI development.,Insights into how the US-ROK alliance intersects with AI development.,No,Yes,I am attending as a member of the Korea America Student Conference (KASC).,No
gst-vMqlkV1ALRtK8um,Win Sandy Saw,Win Sandy,Saw,winsandysaw@gmail.com,,2026-07-18T04:37:47.137Z,approved,,,,,https://luma.com/check-in/evt-LuC4mPhMgiBr2vz?pk=ADtJgX6Ii7H52Nt,$0.00,$0.00,$0.00,usd,,,,,,ttype-nGUs5eXCYiXQ98l,Standard,Sandy Saw,https://linkedin.com/in/win-sandy-saw-186674170,In person,"KASC Conference ",Nurse/ Student,Graduate Student / Undergraduate Student,"Healthcare / Clinical Medicine, Biotech / Pharmaceuticals / Drug Discovery, Medical Devices / Digital Health",,,No,Yes,,No
gst-prk1WijxpSCMUjt,Marco Infosino,Marco,Infosino,minfosino@middlebury.edu,,2026-07-17T14:49:25.012Z,approved,,,,,https://luma.com/check-in/evt-LuC4mPhMgiBr2vz?pk=1VFQieXg7FtnqkB,$0.00,$0.00,$0.00,usd,,,,,,ttype-nGUs5eXCYiXQ98l,Standard,Marco Infosino,https://linkedin.com/in/marco-infosino-5768022a7,In person,Korea America Student Conference,Treasurer,Graduate Student / Undergraduate Student,"Law / Regulation / IP / Policy, Government / Public Policy",,,No,Yes,Friend/Coworker,Yes
gst-bkSzoRcqiVOJb5g,Inkyu Kim,Inkyu,Kim,inkyukim2003@gmail.com,,2026-07-17T13:28:06.787Z,approved,,,,,https://luma.com/check-in/evt-LuC4mPhMgiBr2vz?pk=4ET42E3NG4xD557,$0.00,$0.00,$0.00,usd,,,,,,ttype-nGUs5eXCYiXQ98l,Standard,김인규,https://linkedin.com/in/잉귱-잉귱-b11613422,In person,Korea University,Student,Graduate Student / Undergraduate Student,Education / Academia,,,,,,
gst-o5naKqatpeGhLZh,Kyungtae Kim,Kyungtae,Kim,ryanktkim@gmail.com,,2026-07-14T02:36:42.375Z,approved,,,,,https://luma.com/check-in/evt-LuC4mPhMgiBr2vz?pk=DwAwJITTy7wjDnk,$0.00,$0.00,$0.00,usd,,,,,,ttype-nGUs5eXCYiXQ98l,Standard,"Kyungtae ",https://linkedin.com/in/kyungtae-kim,Virtual,"Ministry of Foreign Affairs of Korea ",Secretary,Government / Public Sector,Government / Public Policy,,,No,,,
gst-Y9rbG4JhlDuqEmu,Jimin Lee,Jimin,Lee,su_in0907@naver.com,,2026-07-17T05:57:23.689Z,approved,,,,,https://luma.com/check-in/evt-LuC4mPhMgiBr2vz?pk=HzpohCQyyyl2q57,$0.00,$0.00,$0.00,usd,,,,,,ttype-nGUs5eXCYiXQ98l,Standard,이지민,https://linkedin.com/in/jimin-lee-9b7b4b422,In person,KASC,Student,Physician / Clinician,"Government / Public Policy, Law / Regulation / IP / Policy",,,Yes,Yes,I got to know it as a KASC participant,Yes
gst-2YJR4mkMCw1tfiK,Yeonwoo Jeong,Yeonwoo,Jeong,ariaj02270@gmail.com,,2026-07-17T04:07:49.063Z,approved,,,,,https://luma.com/check-in/evt-LuC4mPhMgiBr2vz?pk=mlMuPGPkd80s4Yy,$0.00,$0.00,$0.00,usd,,,,,,ttype-nGUs5eXCYiXQ98l,Standard,Aria Jeong,,In person,None,None,Other,"Data Science / Data Engineering, Quantum Computing / Cryptography",,,,Yes,,
gst-D66owLNXfIXrQUp,Yeseom Son,Yeseom,Son,cucubi33@gmail.com,,2026-07-17T04:06:04.455Z,approved,,,,,https://luma.com/check-in/evt-LuC4mPhMgiBr2vz?pk=g3HIsyvPBJdVvHW,$0.00,$0.00,$0.00,usd,,,,,,ttype-nGUs5eXCYiXQ98l,Standard,Yeseom,,In person,None,Architect,Other,Finance / Investment / VC,,,,Yes,,
gst-YvX8rZwauoztlNg,Hyewon Jeong,Hyewon,Jeong,lydiajeong0513@gmail.com,,2026-07-17T04:01:31.897Z,approved,,,,,https://luma.com/check-in/evt-LuC4mPhMgiBr2vz?pk=1bECftwFUMIv3j5,$0.00,$0.00,$0.00,usd,,,,,,ttype-nGUs5eXCYiXQ98l,Standard,Hyewon,,In person,"KYAC member, Leigh High School",Student,Other,Biotech / Pharmaceuticals / Drug Discovery,,,,Yes,,
gst-lPrRicjXW7rE9tB,Kyaw Za Zaw,Kyaw Za,Zaw,mgkyawzazaw@gmail.com,,2026-07-17T03:40:09.042Z,approved,,,,,https://luma.com/check-in/evt-LuC4mPhMgiBr2vz?pk=LAXGul4NwBXkXTW,$0.00,$0.00,$0.00,usd,,,,,,ttype-nGUs5eXCYiXQ98l,Standard,Kyaw Za Zaw,https://linkedin.com/in/kyawzazaw,In person,Apple,Software Engineer,Software Engineer / Developer,"Artificial Intelligence / Machine Learning, Diagnostics / Biomarkers",,,No,Yes,,No
gst-Nv3DDGfoHVVFMin,Daniel Y Hur,Daniel,Hur,danielhur@uclone.net,,2026-07-14T02:36:42.375Z,approved,,,,,https://luma.com/check-in/evt-LuC4mPhMgiBr2vz?pk=dg0a3QuXAL1GndX,$0.00,$0.00,$0.00,usd,,,,,,ttype-nGUs5eXCYiXQ98l,Standard,허 다니엘,https://linkedin.com/in/yerang-d-hur-5378564,In person,UClone Inc,Founder,Founder / CEO / C-Suite,"Artificial Intelligence / Machine Learning, Entrepreneurship / Startups",,,,,,
gst-0G1cNklMV4wcTa2,Kyeongran Yoo,Kyeongran,Yoo🩷,kyeongranyoo@gmail.com,,2026-07-14T02:36:42.375Z,approved,,,,,https://luma.com/check-in/evt-LuC4mPhMgiBr2vz?pk=qZGOkUDM8nD28Ew,$0.00,$0.00,$0.00,usd,,,,,,ttype-nGUs5eXCYiXQ98l,Standard,Kyeongran Yoo,https://linkedin.com/in/kyeongranyoo,In person,"Solidigm ",NAND Algorithm Architect,Researcher / Scientist,Other,,,,,,
gst-0J5BIXno1Kmi4f6,Anna Cho,Anna,Cho,anna0913@snu.ac.kr,,2026-07-17T02:01:27.924Z,approved,,,,,https://luma.com/check-in/evt-LuC4mPhMgiBr2vz?pk=sGaSaRACNZCmrfU,$0.00,$0.00,$0.00,usd,,,,,,ttype-nGUs5eXCYiXQ98l,Standard,조안나,https://linkedin.com/in/anna-cho-3986972b9,In person,KASC 19,"Student ",Graduate Student / Undergraduate Student,Government / Public Policy,"AI replacing jobs and welfare system reorganization / taxation issues ",,No,Yes,"through KASC 19 ",No
gst-EgZfRX0bHVs4Pni,Noah Song,Noah,Song,noahsong0222@gmail.com,,2026-07-16T23:42:11.530Z,approved,,,,,https://luma.com/check-in/evt-LuC4mPhMgiBr2vz?pk=800vzmPR8fI2X6A,$0.00,$0.00,$0.00,usd,,,,,,ttype-nGUs5eXCYiXQ98l,Standard,Noah Song,https://linkedin.com/in/noah-song-0681b8390,In person,FTC CybeRavens Robotics Team,n/a,Other,"Artificial Intelligence / Machine Learning, Finance / Investment / VC",,,,Yes,I was recommended to this event by Dr. Koo Eun-hee,
gst-6vGFOXbxjfK8mqE,Minha,Minha,Hwang,minha.hwang@gmail.com,,2026-07-16T22:08:10.367Z,approved,,,,,https://luma.com/check-in/evt-LuC4mPhMgiBr2vz?pk=zh9JIEOlCnA03ni,$0.00,$0.00,$0.00,usd,,,,,,ttype-nGUs5eXCYiXQ98l,Standard,Minha Hwang,https://linkedin.com/in/minha-hwang-7440771,In person,Microsoft,Principal Applied Scientist,Researcher / Scientist,"Artificial Intelligence / Machine Learning, Data Science / Data Engineering","Hope and Challenges of Junior Professionals and Graduating Students ","Learning different perspectives ",No,,,
gst-WNzWpHO8RHgCXAe,Ray Broad,Ray,Broad,rayaebroad@gmail.com,,2026-07-16T20:18:27.471Z,approved,,,,,https://luma.com/check-in/evt-LuC4mPhMgiBr2vz?pk=svzxWZZvrA1AiDj,$0.00,$0.00,$0.00,usd,,,,,,ttype-nGUs5eXCYiXQ98l,Standard,Ray,https://linkedin.com/in/ray-broad,In person,KASC/UW-Madison,Student,Graduate Student / Undergraduate Student,"Government / Public Policy, Education / Academia",,,Yes,Yes,Through KASC.,No
gst-G1hogbSdARH5dzt,"Benjamin Reilman ",Benjamin,Reilman,benjaminreilman@gmail.com,,2026-07-16T19:48:06.588Z,approved,,,,,https://luma.com/check-in/evt-LuC4mPhMgiBr2vz?pk=ECqywVcGYSa7UNg,$0.00,$0.00,$0.00,usd,,,,,,ttype-nGUs5eXCYiXQ98l,Standard,Ben,https://linkedin.com/in/ben-reilman,In person,KASC,Graduate Student,Graduate Student / Undergraduate Student,"Government / Public Policy, Law / Regulation / IP / Policy",,,,Yes,,
gst-AOn3NheiVDxK9SF,Karen Lee,,,karenbanlee@gmail.com,,2026-07-16T18:47:40.116Z,approved,,,,,https://luma.com/check-in/evt-LuC4mPhMgiBr2vz?pk=Qvc3MbD9wKA0fgk,$0.00,$0.00,$0.00,usd,,,,,,ttype-nGUs5eXCYiXQ98l,Standard,KaEun,https://linkedin.com/in/karenleecfp,In person,Bank of America/Merrill,Financial Solutions Advisor,Investor / VC / Angel,Finance / Investment / VC,,,,,,
gst-jz6rZUqG0YDR6EL,Jennifer Kim Lin,,,jenklin@gmail.com,,2026-07-16T18:19:00.483Z,approved,,,LinkedIn,,https://luma.com/check-in/evt-LuC4mPhMgiBr2vz?pk=3xmUkMgTRExZq0x,$0.00,$0.00,$0.00,usd,,,,,,ttype-nGUs5eXCYiXQ98l,Standard,Jennifer Kim Lin,https://linkedin.com/in/jennifer-kim-lin-19a87a2,Virtual,varied,founder,Founder / CEO / C-Suite,"Cybersecurity / Privacy, Artificial Intelligence / Machine Learning",precision medicine,connections to other builders/researchers/investors,No,Yes,stanford,Yes
gst-g3FmvqmPluGtZhI,Alexandra Baldessari,Alexandra,Baldessari,alexycscs@outlook.com,,2026-07-16T17:12:31.774Z,approved,,,,,https://luma.com/check-in/evt-LuC4mPhMgiBr2vz?pk=U5kckZhaWVLTowH,$0.00,$0.00,$0.00,usd,,,,,,ttype-nGUs5eXCYiXQ98l,Standard,Alex Baldessari,https://linkedin.com/in/alexandrabaldessari,In person,Korea-America Student Conference,"Young Professional (Recent Graduate of Oral Roberts University, Ready to Work/Searching For Employment)",Other,"Government / Public Policy, Other","I am interested to hear, especially in Dr. Sunghee Yun's keynote address, how Korea-US collaboration can look like in a new era of Generative AI while acknowledging the benefits and concerns that arise with this technology.","I hope to gain experience in speaking to new audiences and proposing important topics as I am one of the students giving a flash talk. I hope to engage in dialogue on my ideas to see where I can grow in my knowledge and approach, and to learn from all the other speakers and panelists, as well as begin building a more extended community through the networking portion of the event.",No,Yes,Through the Korea-America Student Conference!,Yes
gst-ccoTkGVS1UywXef,Haeun Choi,Haeun,Choi,daisy.haeunchoi@gmail.com,,2026-07-16T16:20:51.214Z,approved,,,,,https://luma.com/check-in/evt-LuC4mPhMgiBr2vz?pk=n2HuupKkkReQrCP,$0.00,$0.00,$0.00,usd,,,,,,ttype-nGUs5eXCYiXQ98l,Standard,최하은,https://linkedin.com/in/하은-최-6139a6362,In person,KASC,Undergraduate Student,Graduate Student / Undergraduate Student,"Data Science / Data Engineering, Government / Public Policy",Indiscriminate use of data in AI companies due to competition + solution,"I want to gain many insights from this experience, especially in policy area (AI policy)",No,Yes,From KASC,Yes
gst-lRFy65YauivLMfQ,Grace Shields,Grace,Shields,gscarmonstudios@gmail.com,,2026-07-16T15:18:35.891Z,approved,,,,,https://luma.com/check-in/evt-LuC4mPhMgiBr2vz?pk=pGBMBsymK8ciCZs,$0.00,$0.00,$0.00,usd,,,,,,ttype-nGUs5eXCYiXQ98l,Standard,Grace,https://linkedin.com/in/grace-shields-832855191,In person,KASC19,Delegate,Researcher / Scientist,"Education / Academia, Artificial Intelligence / Machine Learning",N/A,I hope to learn more about the uses of AI in government and politics!,No,Yes,KASC19!,No
gst-v9lICDuyiY4Hi4G,Seohyeon Kang,Seohyeon,Kang,kangsh579@naver.com,,2026-07-16T15:09:35.043Z,approved,,,,,https://luma.com/check-in/evt-LuC4mPhMgiBr2vz?pk=hP1cb4FZ9nYxwpq,$0.00,$0.00,$0.00,usd,,,,,,ttype-nGUs5eXCYiXQ98l,Standard,Seohyeon,https://linkedin.com/in/seohyeon-kang-5053a2422,In person,Korea University,Junior,Graduate Student / Undergraduate Student,"Finance / Investment / VC, Data Science / Data Engineering",,,,,,
gst-BYHKH1wkA6PtXYX,Suah Rhyu,Suah,Rhyu,suahrhyu@naver.com,,2026-07-16T15:05:00.201Z,approved,,,,,https://luma.com/check-in/evt-LuC4mPhMgiBr2vz?pk=aYxHtp1re1D2Cc5,$0.00,$0.00,$0.00,usd,,,,,,ttype-nGUs5eXCYiXQ98l,Standard,Suah,https://linkedin.com/in/suah-rhyu-861345396,In person,Seoul National University,Student,Graduate Student / Undergraduate Student,"Law / Regulation / IP / Policy, Education / Academia, Government / Public Policy, Artificial Intelligence / Machine Learning",,,No,Yes,,
gst-RbaMZXJXuOPNjlg,Amma Damir,Amma,Damir,adamir2@asu.edu,,2026-07-16T14:16:07.748Z,approved,,,,,https://luma.com/check-in/evt-LuC4mPhMgiBr2vz?pk=TAfCXDimbvPndwy,$0.00,$0.00,$0.00,usd,,,,,,ttype-nGUs5eXCYiXQ98l,Standard,Amma,https://linkedin.com/in/amma-damir-a51a35329,In person,KASC,"delegate ",Graduate Student / Undergraduate Student,Law / Regulation / IP / Policy,,,Yes,Yes,"KASC organization ",No
gst-6HvJGTFeIu0YFWW,Sydney Littrell,Sydney,Littrell,snlittrell@gmail.com,,2026-07-16T14:14:54.588Z,approved,,,,,https://luma.com/check-in/evt-LuC4mPhMgiBr2vz?pk=GLqsEa6nUH22OlR,$0.00,$0.00,$0.00,usd,,,,,,ttype-nGUs5eXCYiXQ98l,Standard,Sydney,https://linkedin.com/in/sydney-littrell-3b198231b,In person,KASC,Student,Graduate Student / Undergraduate Student,"Education / Academia, Other",,,Yes,Yes,Korea America Student Conference,No
gst-heNAIsCCUUeJHcF,Austin Willson,Austin,Willson,au.sc.willson@gmail.com,,2026-07-16T14:04:55.374Z,approved,,,,,https://luma.com/check-in/evt-LuC4mPhMgiBr2vz?pk=PHMkhzuKmTGUDKE,$0.00,$0.00,$0.00,usd,,,,,,ttype-nGUs5eXCYiXQ98l,Standard,Austin Willson,https://linkedin.com/in/austin-willson-8b0ab1389,In person,Korean American Student Conference,Student,Graduate Student / Undergraduate Student,"Finance / Investment / VC, Government / Public Policy",,,,Yes,I heard about you from our student conference leaders.,No
gst-in2Sj0Kba8mIy1L,Hyein Kim,Hyein,Kim,hanny1126@taejae.ac.kr,,2026-07-16T14:03:56.616Z,approved,,,,,https://luma.com/check-in/evt-LuC4mPhMgiBr2vz?pk=3sFYpeuFrP8Gar1,$0.00,$0.00,$0.00,usd,,,,,,ttype-nGUs5eXCYiXQ98l,Standard,Hyein Kim,https://linkedin.com/in/hyein-kim-korea2022,In person,KASC,Chair of KASC19,Graduate Student / Undergraduate Student,"Data Science / Data Engineering, Entrepreneurship / Startups",,,No,No,,
gst-OEiBBznOdWrkf62,Ellie,Gabrielle,Drinkwine,gabrielledrinkwine@gmail.com,,2026-07-16T14:03:16.879Z,approved,,,,,https://luma.com/check-in/evt-LuC4mPhMgiBr2vz?pk=sgdmMMCaySVGoJX,$0.00,$0.00,$0.00,usd,,,,,,ttype-nGUs5eXCYiXQ98l,Standard,Gabrielle Drinkwine,https://linkedin.com/in/gabrielle-drinkwine,In person,KASC,Recruitment and Programming Chair,Other,Government / Public Policy,,,Yes,Yes,KASC,No
gst-vBCAgPFOm1JIKvX,Chloe Lee,Chloe,Lee,lalijuice@snu.ac.kr,,2026-07-16T07:49:50.051Z,approved,,,Instagram,,https://luma.com/check-in/evt-LuC4mPhMgiBr2vz?pk=mxRSm5ONPoaLojb,$0.00,$0.00,$0.00,usd,,,,,,ttype-nGUs5eXCYiXQ98l,Standard,이주안,https://linkedin.com/in/chloe-lee-549430372,In person,Seoul National University,Medical Student,Graduate Student / Undergraduate Student,"Healthcare / Clinical Medicine, Diagnostics / Biomarkers",AI in healthcare,"meaningful networks, inspiration in AI healthcare",No,Yes,Sihyun Lee introduced me,Yes
gst-JBcmntB0tKTH65C,Eunjee,EunJee,Choi,eunjeechoi99@gmail.com,,2026-07-14T02:36:42.375Z,approved,,,,,https://luma.com/check-in/evt-LuC4mPhMgiBr2vz?pk=NbvVn9cEK64lzUO,$0.00,$0.00,$0.00,usd,,,,,,ttype-nGUs5eXCYiXQ98l,Standard,최은지,https://linkedin.com/in/eunjeec,In person,N/A,Marketing,Other,"Biotech / Pharmaceuticals / Drug Discovery, Artificial Intelligence / Machine Learning",,,,,,
gst-qDc4BZiFd8XYKdR,Ravikant Dintyala,Venkata Subrahmanya Ravikant,Dintyala,vsd4@cornell.edu,,2026-07-16T03:00:56.438Z,declined,,,Luma Feed,,https://luma.com/check-in/evt-LuC4mPhMgiBr2vz?pk=g-HtvmCYpEYKg28HO,,,,,,,,,,,,Ravikant,https://linkedin.com/in/ravikant-dintyala,In person,Vectonomics AI,"Founder, CEO",Founder / CEO / C-Suite,"Data Science / Data Engineering, Artificial Intelligence / Machine Learning, Entrepreneurship / Startups",,,No,Yes,Luma,Yes
gst-lIMqVUsdMX9fQNG,Hyun Woo Lee,Hyun Woo,Lee,hwlee90@stanford.edu,,2026-07-16T01:17:20.214Z,approved,,,,,https://luma.com/check-in/evt-LuC4mPhMgiBr2vz?pk=5iFYoenQopBbzas,$0.00,$0.00,$0.00,usd,,,,,,ttype-nGUs5eXCYiXQ98l,Standard,이현우,https://linkedin.com/in/hyunwoolee-ms,In person,Stanford,MS Student,Business Development / Sales,"Other, Finance / Investment / VC",,,,,,
gst-BKsd3wecVu4IlEt,Jesse,Jesse,,jesse@askcuri.com,,2026-07-15T23:19:00.180Z,approved,,,,,https://luma.com/check-in/evt-LuC4mPhMgiBr2vz?pk=mq2rIDUw88MY2ON,$0.00,$0.00,$0.00,usd,,,,,,ttype-nGUs5eXCYiXQ98l,Standard,Jesse,https://linkedin.com/in/jesserhee,In person,Blackhoods,Ceo,Researcher / Scientist,Artificial Intelligence / Machine Learning,,,,,,
gst-OHVcguGslVi3CxD,Aykut fuat zafer,Aykut,Fuat Zafer,aykutfuatzafer@gmail.com,,2026-07-15T22:46:51.038Z,approved,,,Luma Discover,,https://luma.com/check-in/evt-LuC4mPhMgiBr2vz?pk=3RIMuAxgZe7rd4z,$0.00,$0.00,$0.00,usd,,,,,,ttype-nGUs5eXCYiXQ98l,Standard,Aykut,,In person,Raiderslab,Founder,Founder / CEO / C-Suite,Finance / Investment / VC,,,,,,
gst-SYJRLm31xrnUN63,Oh-Hyoung KWON,,,ohhyoung.kwon@gmail.com,,2026-07-15T21:59:44.895Z,approved,,,LinkedIn,,https://luma.com/check-in/evt-LuC4mPhMgiBr2vz?pk=WOh5ooQEsX80MLk,$0.00,$0.00,$0.00,usd,,,,,,ttype-nGUs5eXCYiXQ98l,Standard,권오형,https://linkedin.com/in/okwonkotra,In person,KOTRA,Managing Director,Government / Public Sector,Government / Public Policy,,,,,,
gst-aB3l9qDSHoEpHGS,Jaehyeok Bae,Jaehyeok,Bae,jhbae110@stanford.edu,,2026-07-14T02:36:42.375Z,approved,,,,,https://luma.com/check-in/evt-LuC4mPhMgiBr2vz?pk=BIeAcHW1KztWFTA,$0.00,$0.00,$0.00,usd,,,,,,ttype-nGUs5eXCYiXQ98l,Standard,배재혁,https://linkedin.com/in/jaehyeok-bae-57b866218,In person,Stanford University,PhD Student,AI / ML Engineer,"Artificial Intelligence / Machine Learning, Healthcare / Clinical Medicine",,,,,,
gst-ridLAGpuD2paLwV,Naomi,Naomi,,bansheenaomi@gmail.com,,2026-07-15T19:20:47.762Z,approved,,ig,Meta Ad,,https://luma.com/check-in/evt-LuC4mPhMgiBr2vz?pk=jhLUf0WXwUVWN5I,$0.00,$0.00,$0.00,usd,,,,,,ttype-nGUs5eXCYiXQ98l,Standard,나오미,https://linkedin.com/in/naomi-hsu,In person,Intel,"Data Scientist ",Data Scientist / Data Engineer,"Finance / Investment / VC, Entrepreneurship / Startups",,,No,,,No
gst-28y6lfjo3D9N9ZT,Woohyuk Kang,Woohyuk,Kang,massis.kang@htpeo.com,,2026-07-15T19:03:27.758Z,approved,,,,,https://luma.com/check-in/evt-LuC4mPhMgiBr2vz?pk=rBlbFbqWETP4z5z,$0.00,$0.00,$0.00,usd,,,,,,ttype-nGUs5eXCYiXQ98l,Standard,"Woohyuk Kang ",https://linkedin.com/in/woohyuk,In person,HTPeo,Founder & CEO,Founder / CEO / C-Suite,"Artificial Intelligence / Machine Learning, Robotics / Automation",,,No,Yes,UKF,Yes
gst-v8AmYkWX6PaBuEh,Eun Hee Koo,Eun Hee,Koo,drkoo@klacf.org,,2026-07-15T17:32:35.865Z,approved,,,,,https://luma.com/check-in/evt-LuC4mPhMgiBr2vz?pk=n5N3v7PPNnaPlTD,$0.00,$0.00,$0.00,usd,,,,,,ttype-nGUs5eXCYiXQ98l,Standard,Dr. Eun Hee Koo,https://linkedin.com/in/eunheekoo,In person,Korean Language and Cultuee Foundation,Chairperson of Board of Directors,Founder / CEO / C-Suite,Education / Academia,"What the next generation will need to prepare for AI Era? ","Practical discussion ",No,Yes,Friend,Yes
gst-g2SZBi8v2UCmo1F,YOUNGKI AN,Youngki,An,youngki.an@lge.com,,2026-07-15T16:13:08.584Z,approved,,,,,https://luma.com/check-in/evt-LuC4mPhMgiBr2vz?pk=0uvrvrJyPXJKijP,$0.00,$0.00,$0.00,usd,,,,,,ttype-nGUs5eXCYiXQ98l,Standard,안영기,https://linkedin.com/in/youngki-an,In person,LG전자,HR Director,Other,"Artificial Intelligence / Machine Learning, Robotics / Automation",,,,,,
gst-PnBQxVdyzuZz04A,1004 Venture Partners,1004,Venture Partners,event@1004venturepartners.com,,2026-07-15T06:21:39.634Z,approved,,,,,https://luma.com/check-in/evt-LuC4mPhMgiBr2vz?pk=1cJwBNJ70zrozwc,$0.00,$0.00,$0.00,usd,,,,,,ttype-nGUs5eXCYiXQ98l,Standard,Soyoung Park,https://linkedin.com/company/1004vp,,1004 Venture Partners,General Partner,Investor / VC / Angel,Finance / Investment / VC,,,,,,
gst-vzAMgZlvxgDO9oL,YONGWOO JO,Yongwoo,Jo,jyw77777@gmail.com,,2026-07-15T05:49:33.171Z,approved,,,,,https://luma.com/check-in/evt-LuC4mPhMgiBr2vz?pk=JSpDolNtDfy9JeQ,$0.00,$0.00,$0.00,usd,,,,,,ttype-nGUs5eXCYiXQ98l,Standard,Yongwoo Jo,https://linkedin.com/in/yongwoojo,,SSI,Sr Engineer,Researcher / Scientist,"Artificial Intelligence / Machine Learning, Quantum Computing / Cryptography",,,,Yes,,Yes
gst-6vIGH5OgDTHxndC,Kyungmin Baek,B,GM,bgm6974@gmail.com,,2026-07-15T05:45:23.353Z,approved,,,Luma Discover,,https://luma.com/check-in/evt-LuC4mPhMgiBr2vz?pk=RC9W2XfA2gCaW1l,$0.00,$0.00,$0.00,usd,,,,,,ttype-nGUs5eXCYiXQ98l,Standard,백경민,https://linkedin.com/in/kmbaek,,Samsung San Jose,Senior Engineer,AI / ML Engineer,Artificial Intelligence / Machine Learning,,,No,Yes,Luma,Yes
gst-AvnCLnJTAxbZOvL,Bohyoung Lee,Bohyoung,Lee,bhyolee@stanford.edu,,2026-07-14T02:36:42.375Z,approved,,,,,https://luma.com/check-in/evt-LuC4mPhMgiBr2vz?pk=EN41QBMA6ENXXhf,$0.00,$0.00,$0.00,usd,,,,,,ttype-nGUs5eXCYiXQ98l,Standard,Bo Hyoung Lee,https://linkedin.com/in/bohyounglee,,Shin&Kim LLC/Stanford Lawschool,"Attorney at Law ",Physician / Clinician,"Medical Devices / Digital Health, Healthcare / Clinical Medicine",,,,,,
gst-Wbh1vgJcZqFsuqs,Eugene J,Eugene,J,eugene@wasd3r.xyz,,2026-07-14T02:36:42.375Z,approved,,,,,https://luma.com/check-in/evt-LuC4mPhMgiBr2vz?pk=o2Vf3yFpp6lvFL5,$0.00,$0.00,$0.00,usd,,,,,,ttype-nGUs5eXCYiXQ98l,Standard,Eugene,https://linkedin.com/in/ekjoo,,Wasder,founder,AI / ML Engineer,"Artificial Intelligence / Machine Learning, Finance / Investment / VC",,,,,,
gst-EPgvghbXgH2iDZw,Kay,Kay,H,hibeacon@gmail.com,,2026-07-14T02:36:42.375Z,approved,,,LinkedIn,,https://luma.com/check-in/evt-LuC4mPhMgiBr2vz?pk=sPGY0lvAMJAoH8S,$0.00,$0.00,$0.00,usd,,,,,,ttype-nGUs5eXCYiXQ98l,Standard,Kay Ha,https://linkedin.com/in/kayha,,Nextapro,CEO,Other,Other,,,,,,
gst-6Ct4icDrwmOMU7o,Deborah Lee,,,deborahlee@dlbridgelaw.com,,2026-07-14T02:36:42.375Z,approved,,,github.io,,https://luma.com/check-in/evt-LuC4mPhMgiBr2vz?pk=OSz40919Vidd0dy,$0.00,$0.00,$0.00,usd,,,,,,ttype-nGUs5eXCYiXQ98l,Standard,"이연수 ",https://linkedin.com/in/dlysl,,DLG Law Corp.,Head of US Attorney,Attorney / Legal Counsel,Law / Regulation / IP / Policy,,,,,,
gst-i9hCmH3RrAfwKgB,Goonho Park,Goonho,Park,neuropa@stanford.edu,,2026-07-15T02:31:12.289Z,approved,,,,,https://luma.com/check-in/evt-LuC4mPhMgiBr2vz?pk=bLhsbk7D6ArhJiU,$0.00,$0.00,$0.00,usd,,,,,,ttype-nGUs5eXCYiXQ98l,Standard,Gonho Park,https://linkedin.com/in/gordon-g-park-452bab26,,PathoBrainSeq Inc.,CEO,Founder / CEO / C-Suite,"Healthcare / Clinical Medicine, Artificial Intelligence / Machine Learning, Biotech / Pharmaceuticals / Drug Discovery",,,No,,,
gst-6RucU8Ks6OnCTI8,Hansol,Hansol,,jrjrjrjr4@icloud.com,,2026-07-15T02:24:17.649Z,approved,,,,,https://luma.com/check-in/evt-LuC4mPhMgiBr2vz?pk=MkhGB3fIiH1lJDP,$0.00,$0.00,$0.00,usd,,,,,,ttype-nGUs5eXCYiXQ98l,Standard,"Hansol Lim ",https://linkedin.com/in/hansol-lim-222a31371,,"Stanford ","Postdoctoral ",Postdoc / Fellow,"Healthcare / Clinical Medicine, Education / Academia, Biotech / Pharmaceuticals / Drug Discovery",,,,,,
gst-oQ8Qoxl0si2Ux21,Alex Moon,Alex,Moon,alexmooncake@gmail.com,,2026-07-14T02:36:42.375Z,approved,,,,,https://luma.com/check-in/evt-LuC4mPhMgiBr2vz?pk=SwsNXxjbSbulpHa,$0.00,$0.00,$0.00,usd,,,,,,ttype-nGUs5eXCYiXQ98l,Standard,Alex Moon,https://linkedin.com/in/alex-moon,,Coupa Software,Product Manager,Product Manager,"Artificial Intelligence / Machine Learning, Entrepreneurship / Startups",,,No,,,
gst-sLAV9vJ4PVehlBi,Yong Jun Jeong,Jeong,Yong Jun,yongjunjeong81@gmail.com,,2026-07-15T01:12:42.033Z,declined,,,,,https://luma.com/check-in/evt-LuC4mPhMgiBr2vz?pk=g-GcSpiZFjyoINThw,,,,,,,,,,,,Yongjun Jeong,https://linkedin.com/in/jeongyongjun,,Menix,Founder,Founder / CEO / C-Suite,Entrepreneurship / Startups,,,No,Yes,,
gst-JkoRX60NSCGPp4O,Jiyul Hong,Jiyul,Hong,m45a1@dgsw.hs.kr,,2026-07-15T00:27:56.972Z,approved,,,flow.team,kacc.jlee@gmail.com,https://luma.com/check-in/evt-LuC4mPhMgiBr2vz?pk=bLa9CKPoVH4LY1H,$0.00,$0.00,$0.00,usd,,,,,,ttype-nGUs5eXCYiXQ98l,Standard,홍지율,https://linkedin.com/in/jiyul-hong,,DGSW,student,Software Engineer / Developer,"Artificial Intelligence / Machine Learning, Data Science / Data Engineering",,,,,,
gst-EEGWzgiZrNaxq5v,Beth Yun,Beth,Yun,beth.yun0410@gmail.com,,2026-07-14T02:36:42.376Z,approved,,,,,https://luma.com/check-in/evt-LuC4mPhMgiBr2vz?pk=4bqSsmDSotDO4Dn,$0.00,$0.00,$0.00,usd,,,,,,ttype-nGUs5eXCYiXQ98l,Standard,Beth Yun,https://linkedin.com/in/suheun-yun-32b160348,,Monta Vista High School,High School Student,Graduate Student / Undergraduate Student,Other,,,,,,
gst-FcxxNf2sqcphnUy,이윤하,윤하,이,a62346986@gmail.com,,2026-07-15T00:01:09.762Z,approved,,,,kacc.jlee@gmail.com,https://luma.com/check-in/evt-LuC4mPhMgiBr2vz?pk=UkcUwe5XcHJfZq9,$0.00,$0.00,$0.00,usd,,,,,,ttype-nGUs5eXCYiXQ98l,Standard,이윤하,https://linkedin.com/in/lyhtll,,Daegu Software Meister High School,student,Graduate Student / Undergraduate Student,"Data Science / Data Engineering, Cybersecurity / Privacy",,,No,Yes,I found out about it through school.,No
gst-QBzqk9YvUw7wnOq,In Sung Cho,In Sung,Cho,ischo@kitech.re.kr,,2026-07-14T02:36:42.375Z,approved,,,,,https://luma.com/check-in/evt-LuC4mPhMgiBr2vz?pk=oaisfeEfGP2vBfz,$0.00,$0.00,$0.00,usd,,,,,,ttype-nGUs5eXCYiXQ98l,Standard,Insung Cho,https://linkedin.com/in/insung-cho-7418a356,,Korea Institute of Indutrial Technology,Director,Government / Public Sector,Robotics / Automation,,,No,No,,No
gst-oqCwhkGHpMU8zSm,이건희,건희,이,leegeh1213@gmail.com,,2026-07-14T23:56:04.961Z,approved,,,,kacc.jlee@gmail.com,https://luma.com/check-in/evt-LuC4mPhMgiBr2vz?pk=H4fCrt3gfjE93H1,$0.00,$0.00,$0.00,usd,,,,,,ttype-nGUs5eXCYiXQ98l,Standard,Jason Lee,https://linkedin.com/in/이건희,,Klaim,AI engineer,Software Engineer / Developer,Other,AX,AI Agent Operate,No,Yes,From School,No
gst-PgV6i6WdGiiZQ9S,Gyehyon Andrea Jo,Gyehyon Andrea,Jo,andrea.jo@mvlasf.com,,2026-07-14T02:36:42.375Z,approved,,,,,https://luma.com/check-in/evt-LuC4mPhMgiBr2vz?pk=LFzh66bLF3GidT2,$0.00,$0.00,$0.00,usd,,,,,,ttype-nGUs5eXCYiXQ98l,Standard,Gyehyon Andrea Jo,https://linkedin.com/in/gyehyon-andrea-jo,,"MVLASF Holdings ",CEO,Data Scientist / Data Engineer,"Data Science / Data Engineering, Artificial Intelligence / Machine Learning",,,,,,
gst-7gsV8Rwi4Jov6GQ,전민오,민오,전,minodevs@gmail.com,,2026-07-14T15:05:35.166Z,approved,,,,kacc.jlee@gmail.com,https://luma.com/check-in/evt-LuC4mPhMgiBr2vz?pk=4GN1P66cbtRaa5V,$0.00,$0.00,$0.00,usd,,,,,,ttype-nGUs5eXCYiXQ98l,Standard,mino,https://linkedin.com/in/minodevs,,대구소프트웨어마이스터고등학교,학생,Software Engineer / Developer,"Artificial Intelligence / Machine Learning, Robotics / Automation",ai harness,the future of ai,No,Yes,school,Yes
gst-n7TOHkhmipnFOZR,Jason Kim,Jason,Kim,jkim@xilicom.com,,2026-07-14T02:36:42.375Z,approved,,,,,https://luma.com/check-in/evt-LuC4mPhMgiBr2vz?pk=IHRFylS9EGZXSr4,$0.00,$0.00,$0.00,usd,,,,,,ttype-nGUs5eXCYiXQ98l,Standard,Jason Kim (김승민),https://linkedin.com/in/jason-seungmin-kim,,"ONK Technology, Inc.","CEO / Chief Systems Architect ",AI / ML Engineer,"Artificial Intelligence / Machine Learning, Robotics / Automation",,,,,,
gst-fT1ZZV8NJRWECZS,Bumsoo Kim,Bumsoo,Kim,bumsoo@qprime.vc,,2026-07-14T02:36:42.375Z,approved,,,,,https://luma.com/check-in/evt-LuC4mPhMgiBr2vz?pk=uRFLcPvpQ6TqlM4,$0.00,$0.00,$0.00,usd,,,,,,ttype-nGUs5eXCYiXQ98l,Standard,Bumsoo Kim,https://linkedin.com/in/bumsoo-kim,,Quantum Prime Ventures,Managing Partner,Investor / VC / Angel,Artificial Intelligence / Machine Learning,,,,No,,
gst-RZIpqmziecqyW3z,Kwon Dongwoo,Dongwoo,Kwon,hyeonggyugwon3@gmail.com,,2026-07-14T10:43:07.870Z,approved,,,,kacc.jlee@gmail.com,https://luma.com/check-in/evt-LuC4mPhMgiBr2vz?pk=HEZ1Ci11fxHEC47,$0.00,$0.00,$0.00,usd,,,,,,ttype-nGUs5eXCYiXQ98l,Standard,Kwon Dongwoo,https://linkedin.com/in/kwondongwoo,,"Daegu software meister high school ",Student,Graduate Student / Undergraduate Student,Finance / Investment / VC,,,,,,
gst-i7BlhHBPWmqKSKR,ChoiYunHee,YunHee,Choi,choiyunhee0617@gmail.com,,2026-07-14T09:33:47.257Z,approved,,,flow.team,kacc.jlee@gmail.com,https://luma.com/check-in/evt-LuC4mPhMgiBr2vz?pk=xHZBZbAoPOkzvTh,$0.00,$0.00,$0.00,usd,,,,,,ttype-nGUs5eXCYiXQ98l,Standard,최윤희,https://linkedin.com/in/yunhee-choi-6727043b9,,Daegu Software Meister High School,Student,Software Engineer / Developer,"Artificial Intelligence / Machine Learning, Cybersecurity / Privacy",,,,,a school guide,No
gst-dTFsGE6PViXoIrC,김하나,하나,김,skyandme77@gmail.com,,2026-07-14T07:52:38.758Z,approved,,,,kacc.jlee@gmail.com,https://luma.com/check-in/evt-LuC4mPhMgiBr2vz?pk=w17Bo4FPOygQPJ3,$0.00,$0.00,$0.00,usd,,,,,,ttype-nGUs5eXCYiXQ98l,Standard,김하나,https://linkedin.com/in/hana-kim-b0a42737b,,대구 소프트웨어 마이스터 고등학교,개발자,Software Engineer / Developer,"Artificial Intelligence / Machine Learning, Finance / Investment / VC, Entrepreneurship / Startups",,,,,,Yes
gst-CoWn4HbulQb6J7O,박세빈,세빈,박,tpqls774@dgsw.hs.kr,,2026-07-14T07:32:06.163Z,approved,,,flow.team,kacc.jlee@gmail.com,https://luma.com/check-in/evt-LuC4mPhMgiBr2vz?pk=ytIjs1zuXLd2JOb,$0.00,$0.00,$0.00,usd,,,,,,ttype-nGUs5eXCYiXQ98l,Standard,Sebin Park,https://linkedin.com/in/sebin-park-dev,,daegu software meister high school,student,Software Engineer / Developer,Other,,,,Yes,Through school,
gst-jZpL8IpoGoy2VaB,Soye Lee,Soye,Lee,soyelee126@gmail.com,,2026-07-14T07:24:48.003Z,approved,,,,kacc.jlee@gmail.com,https://luma.com/check-in/evt-LuC4mPhMgiBr2vz?pk=CuK5iLRuluOiEMz,$0.00,$0.00,$0.00,usd,,,,,,ttype-nGUs5eXCYiXQ98l,Standard,Soye Lee,https://linkedin.com/in/soye-lee-a9442937b,,DGSW,Student,Software Engineer / Developer,"Artificial Intelligence / Machine Learning, Data Science / Data Engineering",,,,,,
gst-j2zxMp6Sabd4CIC,김민재,민재,김,kmjmj8769@gmail.com,,2026-07-14T06:56:45.454Z,approved,,,,kacc.jlee@gmail.com,https://luma.com/check-in/evt-LuC4mPhMgiBr2vz?pk=5YXO2y2pI4fyqMQ,$0.00,$0.00,$0.00,usd,,,,,,ttype-nGUs5eXCYiXQ98l,Standard,김민재,https://linkedin.com/in/minjae-kim-3014a7391,,"Daegu software meister high-school ",Student,Software Engineer / Developer,Artificial Intelligence / Machine Learning,I believe the pace of AI development is outpacing the speed of regulation in various countries. What are your thoughts on this?,I'm looking forward to discovering practical AI use cases that I can apply to my own work,No,Yes,None,No
gst-VG0eOfjPBwRDjnh,Jaihoon Kim,Jaihoon,kim,jh27kim@kaist.ac.kr,,2026-07-14T02:36:42.375Z,approved,,,,,https://luma.com/check-in/evt-LuC4mPhMgiBr2vz?pk=nR3seUqU1VPJurv,$0.00,$0.00,$0.00,usd,,,,,,ttype-nGUs5eXCYiXQ98l,Standard,김재훈,https://linkedin.com/in/jaihoon-kim-8b2920172,,KAIST / Netflix,Student,Graduate Student / Undergraduate Student,Artificial Intelligence / Machine Learning,,,No,No,,No
gst-eCyGrQE13bZoXRB,MiSook Chung,Misook,Chung,misookchung1226@gmail.com,,2026-07-14T02:36:42.375Z,approved,,,,,https://luma.com/check-in/evt-LuC4mPhMgiBr2vz?pk=VB5cI6CYibM09wr,$0.00,$0.00,$0.00,usd,,,,,,ttype-nGUs5eXCYiXQ98l,Standard,MiSook Chung,https://linkedin.com/in/misook-chung,,AddVia.ai,Connector,Consultant / Advisor,"Entrepreneurship / Startups, Other",,,,,,
gst-hoyh0aENFEB65YW,Jay Lee,Jay,Lee,kacc.jlee@gmail.com,,2026-07-14T02:36:42.375Z,approved,,,,,https://luma.com/check-in/evt-LuC4mPhMgiBr2vz?pk=g7p2fz5q1ABECpd,$0.00,$0.00,$0.00,usd,,,,,,ttype-nGUs5eXCYiXQ98l,Standard,이원표,https://linkedin.com/in/jay-wonpyo-lee-57177784,,svreboot,President,Founder / CEO / C-Suite,Education / Academia,,,,,,
gst-E1UiPjo23eB0gmq,Ghayoung,Ghayoung,,ghayoung@gmail.com,,2026-07-14T02:36:42.375Z,approved,,,,,https://luma.com/check-in/evt-LuC4mPhMgiBr2vz?pk=CBjmErINp537E6h,$0.00,$0.00,$0.00,usd,,,,,,ttype-nGUs5eXCYiXQ98l,Standard,이가영,https://linkedin.com/in/ghayoung-lee-32182a201,,Erudio Bio,"Advisor ",Researcher / Scientist,Biotech / Pharmaceuticals / Drug Discovery,,,,,,
gst-qer1SzXC7FsOmbf,이혜성,혜성,이,hslee0329@cau.ac.kr,,2026-07-14T03:50:52.348Z,approved,,,,aakashvardhan.madabhushi@sjsu.edu,https://luma.com/check-in/evt-LuC4mPhMgiBr2vz?pk=BedPn00hn2KPaJV,$0.00,$0.00,$0.00,usd,,,,,,ttype-nGUs5eXCYiXQ98l,Standard,Hyeseong Lee,https://linkedin.com/in/aefoj,,Chung-Ang University/ San Jose State University,Master’s Student/Researcher,Graduate Student / Undergraduate Student,"Artificial Intelligence / Machine Learning, Cybersecurity / Privacy","AI 주권, AI 거버넌스, 정보 등급화 등","미국에 온지 얼마 안 돼서, 
처음 행사 방문하는 사람들도 많은 연구원, 테크 관련 종사자 분들과 연구 이야기 나누고, 네트워킹할 수 있는 자리가 되었으면 좋겠습니다!
편하게 소통할 수 있는, 친해질 수 있는 이벤트가 있으면 좋을 것 같습니다. 

주기적으로 유의미한 활동이나 모임 함께 이어갈 수 있으면 좋겠습니다. AI Nexus 관련 행사/ 커뮤니티에 참여하고 싶습니다.",No,,지인 소개,Yes
gst-A4PmgZPcMy32Inp,Minha Hwang,Minha,Hwang,minha@alum.mit.edu,,2026-07-14T02:36:42.375Z,approved,,,,,https://luma.com/check-in/evt-LuC4mPhMgiBr2vz?pk=KpacaVYIwbzzdDL,$0.00,$0.00,$0.00,usd,,,,,,ttype-nGUs5eXCYiXQ98l,Standard,Minha Hwang,https://linkedin.com/in/minha-hwang-7440771,,Microsoft AI,Principal Applied Scientist,Researcher / Scientist,"Artificial Intelligence / Machine Learning, Data Science / Data Engineering",Views from youth on AI,"Networking, Community support",No,,,
gst-AEC8uH7k1JysjX4,Jiyang Kang,Jiyang,Kang,jiyang71@gmail.com,,2026-07-14T02:36:42.375Z,approved,,,,,https://luma.com/check-in/evt-LuC4mPhMgiBr2vz?pk=CGwmkPqPGcsrhvd,$0.00,$0.00,$0.00,usd,,,,,,ttype-nGUs5eXCYiXQ98l,Standard,강지양,https://linkedin.com/in/jiyangkang,,Google,TPM,AI / ML Engineer,"Artificial Intelligence / Machine Learning, Data Science / Data Engineering",,,No,No,,
gst-QXZ2TnHdcIMJcdT,Hagoon Jang,Hagoon,Jang,hjang620@stanford.edu,,2026-07-14T02:36:42.375Z,approved,,,,,https://luma.com/check-in/evt-LuC4mPhMgiBr2vz?pk=FjjgXs9DVJN6chL,$0.00,$0.00,$0.00,usd,,,,,,ttype-nGUs5eXCYiXQ98l,Standard,Hagoon,https://linkedin.com/in/hagoon-jang-79766a54,,Stanford Medicine,Sr research scientist,Researcher / Scientist,"Biotech / Pharmaceuticals / Drug Discovery, Genomics / Precision Medicine",,,,,,
gst-cEOoYcPZZ69iuHE,Rahul Rana,Rahul,Rana,rahulrana03@hotmail.com,,2026-07-14T02:36:42.375Z,approved,,,,,https://luma.com/check-in/evt-LuC4mPhMgiBr2vz?pk=ouByiAnNATfzUtY,$0.00,$0.00,$0.00,usd,,,,,,ttype-nGUs5eXCYiXQ98l,Standard,Rahul Rana,https://linkedin.com/in/rahulrana33,,Kaliber AI,AI Researcher,AI / ML Engineer,"Artificial Intelligence / Machine Learning, Healthcare / Clinical Medicine",,,,,,
gst-KbdzDwZiuARGYSE,Sue Kim,Sue,Kim,suekiminsj@gmail.com,,2026-07-14T02:36:42.375Z,approved,,,,,https://luma.com/check-in/evt-LuC4mPhMgiBr2vz?pk=WHmwE9qFFkD8pVR,$0.00,$0.00,$0.00,usd,,,,,,ttype-nGUs5eXCYiXQ98l,Standard,Sue Kim,https://linkedin.com/in/suekimpr,,"ANAFLASH ","VP of Corporate Marketing ",Consultant / Advisor,Other,,,,,,
gst-BBSV3VJORjMfnhy,Jongmin Sung,Jongmin,Sung,jongmin.sung@gmail.com,,2026-07-14T02:36:42.375Z,approved,,,,,https://luma.com/check-in/evt-LuC4mPhMgiBr2vz?pk=ycvrXUOWQBrDHLN,$0.00,$0.00,$0.00,usd,,,,,,ttype-nGUs5eXCYiXQ98l,Standard,Jongmin Sung,https://linkedin.com/in/jongmin-sung,,Scale AI,HFC,AI / ML Engineer,"Healthcare / Clinical Medicine, Artificial Intelligence / Machine Learning, Biotech / Pharmaceuticals / Drug Discovery, Medical Devices / Digital Health, Genomics / Precision Medicine, Diagnostics / Biomarkers, Data Science / Data Engineering",,,No,No,,
gst-kB68uHPGLJDXGCn,Marcin,Marcin,Michalak,marcin@agentx.so,,2026-07-14T02:36:42.375Z,approved,,,Notification,,https://luma.com/check-in/evt-LuC4mPhMgiBr2vz?pk=qNPB8VCGrphJAZd,$0.00,$0.00,$0.00,usd,,,,,,ttype-nGUs5eXCYiXQ98l,Standard,Marcin,https://linkedin.com/in/marcin-michalak,,AgentX,CTO & Founder,Founder / CEO / C-Suite,"Artificial Intelligence / Machine Learning, Healthcare / Clinical Medicine",,,No,Yes,,
gst-uQZvmnpHEuTioVB,Chanjung Kim,Chanjung,Kim,chanjung1004@gmail.com,,2026-07-14T02:36:42.376Z,invited,,,,,https://luma.com/check-in/evt-LuC4mPhMgiBr2vz?pk=g-GBsRXDA0tHgdqom,,,,,,,,,,,,,,,,,,,,,,,,
gst-a1FKWZE8uKjlfU2,Insuk Song,Insuk,Song,insuksong11@gmail.com,,2026-07-14T02:36:42.376Z,invited,,,,,https://luma.com/check-in/evt-LuC4mPhMgiBr2vz?pk=g-jBD64evDdfY4RZ2,,,,,,,,,,,,,,,,,,,,,,,,
gst-aAGR6OxwPuIRqZK,John HAN,John,Han,john@dmillions.co.kr,,2026-07-14T02:36:42.376Z,invited,,,,,https://luma.com/check-in/evt-LuC4mPhMgiBr2vz?pk=g-CXa7dt3iItGYrhh,,,,,,,,,,,,,,,,,,,,,,,,
gst-QxHpHhgcCmC4rHj,Aakash Vardhan Madabhushi,Aakash,Madabhushi,aakashvardhan.madabhushi@sjsu.edu,,2026-07-14T02:36:42.375Z,invited,,,,,https://luma.com/check-in/evt-LuC4mPhMgiBr2vz?pk=g-7Q5IPkYuT1DiBsS,,,,,,,,,,,,,,,,,,,,,,,,
gst-scxguc89SJgDS1U,Andres Nino,Andres,Niño,andres@efficient.inc,,2026-07-14T02:36:42.375Z,invited,,,,,https://luma.com/check-in/evt-LuC4mPhMgiBr2vz?pk=g-DQ1Obk12CV8WjeO,,,,,,,,,,,,,,,,,,,,,,,,
gst-lVKv8BNnDwUUHRT,Andrew Park,Andrew,Park,andysampark@gmail.com,,2026-07-14T02:36:42.375Z,invited,,,,,https://luma.com/check-in/evt-LuC4mPhMgiBr2vz?pk=g-28G6FWemCu5dV2f,,,,,,,,,,,,,,,,,,,,,,,,
gst-1gKnJT3fy9k8waB,박대식,,,babywolf@gmail.com,,2026-07-14T02:36:42.375Z,invited,,,,,https://luma.com/check-in/evt-LuC4mPhMgiBr2vz?pk=g-OI2blrzH1bSE5MA,,,,,,,,,,,,,,,,,,,,,,,,
gst-XhkVjzKhC1WcA1e,Charlie Huh,Charlie,Huh,charlie@titansim.com,,2026-07-14T02:36:42.375Z,invited,,,,,https://luma.com/check-in/evt-LuC4mPhMgiBr2vz?pk=g-9chqrAHsafcIhTP,,,,,,,,,,,,,,,,,,,,,,,,
gst-41sOJs6tKR26d7z,Christie,Christie,,chrunji11@gmail.com,,2026-07-14T02:36:42.375Z,invited,,,,,https://luma.com/check-in/evt-LuC4mPhMgiBr2vz?pk=g-olI2o3kDKK3pR9l,,,,,,,,,,,,,,,,,,,,,,,,
gst-tvaJIHCYxkQ1iB7,장유진,유진,장,chyoojinch@naver.com,,2026-07-14T02:36:42.375Z,invited,,,,,https://luma.com/check-in/evt-LuC4mPhMgiBr2vz?pk=g-acjeRaQkFUoRpYr,,,,,,,,,,,,,,,,,,,,,,,,
gst-I28JCfk6ze5wv0w,Chaeyoon Yoo,Chaeyoon,Yoo,cyyoo92@gmail.com,,2026-07-14T02:36:42.375Z,invited,,,,,https://luma.com/check-in/evt-LuC4mPhMgiBr2vz?pk=g-mQvnaFElnCCQSCe,,,,,,,,,,,,,,,,,,,,,,,,
gst-BoPi9N0rdjq22St,김두환,두환,김,dhkim@dmillions.co.kr,,2026-07-14T02:36:42.375Z,invited,,,,,https://luma.com/check-in/evt-LuC4mPhMgiBr2vz?pk=g-alpNh4EnLNU2RIP,,,,,,,,,,,,,,,,,,,,,,,,
gst-wCjD3WK0kqxe3QO,Dongkyun Kim,Dongkyun,Kim,dkim@valleyinnovationpartners.com,,2026-07-14T02:36:42.375Z,invited,,,,,https://luma.com/check-in/evt-LuC4mPhMgiBr2vz?pk=g-FIDU9aFg06deEkC,,,,,,,,,,,,,,,,,,,,,,,,
gst-nYtUDndl5jqqHmX,"DUCKSANG, LEE",Lee,Ducksang,dslee@dmtek.co.kr,,2026-07-14T02:36:42.375Z,invited,,,,,https://luma.com/check-in/evt-LuC4mPhMgiBr2vz?pk=g-3V8iMVJTm18pI2L,,,,,,,,,,,,,,,,,,,,,,,,
gst-xpcmeIvzM9JGvsa,Voinosis.CEO. Grace J Shin,Grace,신,eardoc70@voinosis.com,,2026-07-14T02:36:42.375Z,invited,,,,,https://luma.com/check-in/evt-LuC4mPhMgiBr2vz?pk=g-uVW8Vs6agFOlNzg,,,,,,,,,,,,,,,,,,,,,,,,
gst-vbbt5Jsnwh3qYQH,Eric Oh,Eric,Oh,eric.oh@lge.com,,2026-07-14T02:36:42.375Z,invited,,,,,https://luma.com/check-in/evt-LuC4mPhMgiBr2vz?pk=g-FxoERDAV1PqlAlZ,,,,,,,,,,,,,,,,,,,,,,,,
gst-CBqTjnKkg9OVHzi,노상록,상록,노,eric.roh71@gmail.com,,2026-07-14T02:36:42.375Z,invited,,,,,https://luma.com/check-in/evt-LuC4mPhMgiBr2vz?pk=g-1sgirZra3G4J26j,,,,,,,,,,,,,,,,,,,,,,,,
gst-xSMdupO5GTSICDB,Jae Wi,Jae,Wi,eudemoniams@gmail.com,,2026-07-14T02:36:42.375Z,invited,,,,,https://luma.com/check-in/evt-LuC4mPhMgiBr2vz?pk=g-vGVrNnBZNOIV3AC,,,,,,,,,,,,,,,,,,,,,,,,
gst-qoZzmu84Jzs3oBQ,EunJin Lee,EunJin,Lee,eunjin3.lee@lge.com,,2026-07-14T02:36:42.375Z,invited,,,,,https://luma.com/check-in/evt-LuC4mPhMgiBr2vz?pk=g-db2hfFMYmorcyaz,,,,,,,,,,,,,,,,,,,,,,,,
gst-OxWDqlJ6JbjFGmw,Hannah Heejeong Lim,,,hjeong.lim@gmail.com,,2026-07-14T02:36:42.375Z,invited,,,,,https://luma.com/check-in/evt-LuC4mPhMgiBr2vz?pk=g-YDhwR0RlHWBf1fu,,,,,,,,,,,,,,,,,,,,,,,,
gst-MDL8HHBGngkkpiW,HyunJung Yu,HyunJung,Yu,hjyu@berkeley.edu,,2026-07-14T02:36:42.375Z,invited,,,,,https://luma.com/check-in/evt-LuC4mPhMgiBr2vz?pk=g-KyUk4u3AvcbuKCb,,,,,,,,,,,,,,,,,,,,,,,,
gst-BK4TC07siVLHxTr,Howon Lee,Howon,Lee,howon52@gmail.com,,2026-07-14T02:36:42.375Z,invited,,,,,https://luma.com/check-in/evt-LuC4mPhMgiBr2vz?pk=g-cXqEuqBWlFOZuts,,,,,,,,,,,,,,,,,,,,,,,,
gst-QCeByFsGanszf1c,Hyesun Soung,Hyesun,Soung,hssoung@thewelcome.co.kr,,2026-07-14T02:36:42.375Z,invited,,,,,https://luma.com/check-in/evt-LuC4mPhMgiBr2vz?pk=g-gzfuViZTs8cADtj,,,,,,,,,,,,,,,,,,,,,,,,
gst-k3A9uFhunmvCtb6,Ik-Jung Kim,Ik-Jung,Kim,ikjung@myriadlabs.bio,,2026-07-14T02:36:42.375Z,invited,,,,,https://luma.com/check-in/evt-LuC4mPhMgiBr2vz?pk=g-p7wvD4nPGnw7oJe,,,,,,,,,,,,,,,,,,,,,,,,
gst-U0bm6NcFYM0bPRa,Chulwoo lee,Chulwoo,Lee,ironiar@gmail.com,,2026-07-14T02:36:42.375Z,invited,,,,,https://luma.com/check-in/evt-LuC4mPhMgiBr2vz?pk=g-J2uu8wgnao0pUXw,,,,,,,,,,,,,,,,,,,,,,,,
gst-bn6HjwjnxCA8Wyp,Jae,Jae,,jaehjung@gmail.com,,2026-07-14T02:36:42.375Z,invited,,,,,https://luma.com/check-in/evt-LuC4mPhMgiBr2vz?pk=g-aGQW27C6C3onnse,,,,,,,,,,,,,,,,,,,,,,,,
gst-V0vVSLemTXW5RuP,Jake,Jake,Park,jake@arkitektinvest.com,,2026-07-14T02:36:42.375Z,invited,,,,,https://luma.com/check-in/evt-LuC4mPhMgiBr2vz?pk=g-hCwUBKEHuVY4HoR,,,,,,,,,,,,,,,,,,,,,,,,
gst-vughFsBZ4Qas9KO,Jennifer Choi,Jennifer,Choi,jenchoi@berkeley.edu,,2026-07-14T02:36:42.375Z,invited,,,,,https://luma.com/check-in/evt-LuC4mPhMgiBr2vz?pk=g-M6WSv4XVr60V0Ud,,,,,,,,,,,,,,,,,,,,,,,,
gst-lUdP5v05XYj1vfX,Jeonghye Yu,Jeonghye,Yu,jeonghyeyu96@gmail.com,,2026-07-14T02:36:42.375Z,invited,,,,,https://luma.com/check-in/evt-LuC4mPhMgiBr2vz?pk=g-Ift8z8GPYGtW1GH,,,,,,,,,,,,,,,,,,,,,,,,
gst-kjyD2BTlpmGYQKg,Jinhee Chang,Jinhee,Chang,jhchang73@naver.com,,2026-07-14T02:36:42.375Z,declined,,,,,https://luma.com/check-in/evt-LuC4mPhMgiBr2vz?pk=g-ILvi9IV2zKnZ1vj,,,,,,,,,,,,,,,,,,,,,,,,
gst-DHp5sClu16oq8a3,Jihye Kim,Jihye,Kim,jihye.jkim@gmail.com,,2026-07-14T02:36:42.375Z,invited,,,,,https://luma.com/check-in/evt-LuC4mPhMgiBr2vz?pk=g-ZXRabL0j3HnvSNT,,,,,,,,,,,,,,,,,,,,,,,,
gst-t4dNzs2svm5t3aA,JINHEE LEE,Jinhee,Lee,jinhlee@stanford.edu,,2026-07-14T02:36:42.375Z,invited,,,,,https://luma.com/check-in/evt-LuC4mPhMgiBr2vz?pk=g-ccX3EyzkdwcFVuu,,,,,,,,,,,,,,,,,,,,,,,,
gst-H0cmomEAaz3cz8B,Jongeun Ha,Jongeun,Ha,jongeun.ha@viewlingo.com,,2026-07-14T02:36:42.375Z,invited,,,,,https://luma.com/check-in/evt-LuC4mPhMgiBr2vz?pk=g-jjT4bM6POcjji4C,,,,,,,,,,,,,,,,,,,,,,,,
gst-8YZ5f3gXMAJSAks,JI YOON HAN,Ji Yoon,Han,june.jy.han@gmail.com,,2026-07-14T02:36:42.375Z,invited,,,,,https://luma.com/check-in/evt-LuC4mPhMgiBr2vz?pk=g-dizyPYBFdvF3Hdq,,,,,,,,,,,,,,,,,,,,,,,,
gst-fGFEYfC1Seo3EIb,Ka Eun Lee,Ka Eun,Lee,kaeun.lee@ml.com,,2026-07-14T02:36:42.375Z,invited,,,,,https://luma.com/check-in/evt-LuC4mPhMgiBr2vz?pk=g-uM4lIqzjz0XAlfO,,,,,,,,,,,,,,,,,,,,,,,,
gst-OnNebnRHOlBjfpe,Young Kim,Young,Kim,karchive000@gmail.com,,2026-07-14T02:36:42.375Z,invited,,,,,https://luma.com/check-in/evt-LuC4mPhMgiBr2vz?pk=g-0mJg61s3fFrClUz,,,,,,,,,,,,,,,,,,,,,,,,
gst-Dzhix9k2YNFgZrC,Changyung Kim,Changyung,Kim,kcy@sedaily.com,,2026-07-14T02:36:42.375Z,invited,,,,,https://luma.com/check-in/evt-LuC4mPhMgiBr2vz?pk=g-l6JmW5trlHo7shI,,,,,,,,,,,,,,,,,,,,,,,,
gst-LMO5T55vZCXyh0b,Kenneth,Kenneth,,kenny@offersquirrel.com,,2026-07-14T02:36:42.375Z,invited,,,,,https://luma.com/check-in/evt-LuC4mPhMgiBr2vz?pk=g-m9YvWJ67TtvYpZC,,,,,,,,,,,,,,,,,,,,,,,,
gst-BITr00C4DvyTUSG,Hannah Park,Hannah,Park,kkopsari12@gmail.com,,2026-07-14T02:36:42.375Z,invited,,,,,https://luma.com/check-in/evt-LuC4mPhMgiBr2vz?pk=g-KUkT0FWNwPvvLLG,,,,,,,,,,,,,,,,,,,,,,,,
gst-dl47kr33LyDlR63,Kyu Hwan Choi,Kyu Hwan,Choi,kyuchoi@stanford.edu,,2026-07-14T02:36:42.375Z,invited,,,,,https://luma.com/check-in/evt-LuC4mPhMgiBr2vz?pk=g-FxipJlE5ocaB6RQ,,,,,,,,,,,,,,,,,,,,,,,,
gst-WztLrxFp92BQaoZ,Taemin Kim,,,luminans@gmail.com,,2026-07-14T02:36:42.375Z,invited,,,,,https://luma.com/check-in/evt-LuC4mPhMgiBr2vz?pk=g-fBdXcB4tT0A8UUX,,,,,,,,,,,,,,,,,,,,,,,,
gst-vPdJyqtMJ2gQB4U,한지민,지민,한,lutyp.jm@gmail.com,,2026-07-14T02:36:42.375Z,invited,,,,,https://luma.com/check-in/evt-LuC4mPhMgiBr2vz?pk=g-pBMDVhwWi9i5LgV,,,,,,,,,,,,,,,,,,,,,,,,
gst-PW6XmdtOTY1MZhm,Sang Su Lee,,,magnusyi@gmail.com,,2026-07-14T02:36:42.375Z,invited,,,,,https://luma.com/check-in/evt-LuC4mPhMgiBr2vz?pk=g-8MIUAYRbBvnX7c8,,,,,,,,,,,,,,,,,,,,,,,,
gst-aP9WTrLjiYjpk4n,Monica,Monica,,mark.signing-4t@icloud.com,,2026-07-14T02:36:42.375Z,invited,,,,,https://luma.com/check-in/evt-LuC4mPhMgiBr2vz?pk=g-1vGrGCkHA1E7vIH,,,,,,,,,,,,,,,,,,,,,,,,
gst-DIuT1q48OamsuyL,Min Kyeong,Min,Kyeong,min9509@gmail.com,,2026-07-14T02:36:42.375Z,invited,,,,,https://luma.com/check-in/evt-LuC4mPhMgiBr2vz?pk=g-hkxyLj8twr1oiKT,,,,,,,,,,,,,,,,,,,,,,,,
gst-SlrMkbfCCJqtvbU,Minji Kang,Minji,,minji.kang@stanford.edu,,2026-07-14T02:36:42.375Z,invited,,,,,https://luma.com/check-in/evt-LuC4mPhMgiBr2vz?pk=g-mkYAOH2yQUhze1R,,,,,,,,,,,,,,,,,,,,,,,,
gst-1m0Olfw7EXAPdKB,MINHO JUNG,민호,정,mino@viewlingo.com,,2026-07-14T02:36:42.375Z,invited,,,,,https://luma.com/check-in/evt-LuC4mPhMgiBr2vz?pk=g-4iogjDyoFCcXRqi,,,,,,,,,,,,,,,,,,,,,,,,
gst-X38Q57V6ocIDZo6,Morris Koo,Morris,Koo,morris@ovi.vc,,2026-07-14T02:36:42.375Z,invited,,,,,https://luma.com/check-in/evt-LuC4mPhMgiBr2vz?pk=g-0HNScDixNA3SaBD,,,,,,,,,,,,,,,,,,,,,,,,
gst-an0FONAMBfTeXhF,Nari Choi,Nari,Choi,nari@valleyinnovationpartners.com,,2026-07-14T02:36:42.375Z,invited,,,,,https://luma.com/check-in/evt-LuC4mPhMgiBr2vz?pk=g-rF0d4IQltGfzKiG,,,,,,,,,,,,,,,,,,,,,,,,
gst-ZvurXgqIxEiuhNo,Natalie Huh,,,nataliehuh0@gmail.com,,2026-07-14T02:36:42.375Z,invited,,,,,https://luma.com/check-in/evt-LuC4mPhMgiBr2vz?pk=g-nuKVMDKSoMotdEe,,,,,,,,,,,,,,,,,,,,,,,,
gst-CHAWv1zyrRpMBcD,Goonho Park,Goonho,Park,neuropa@pathobrainseq.com,,2026-07-14T02:36:42.375Z,invited,,,,,https://luma.com/check-in/evt-LuC4mPhMgiBr2vz?pk=g-hKm2I9wPzgJtNah,,,,,,,,,,,,,,,,,,,,,,,,
gst-dbDPehwUtkli7ug,Nishalini,Nishalini,,nishalinir@gmail.com,,2026-07-14T02:36:42.375Z,invited,,,,,https://luma.com/check-in/evt-LuC4mPhMgiBr2vz?pk=g-etdnSXS7FIUwk4j,,,,,,,,,,,,,,,,,,,,,,,,
gst-5x73lmdrZhj7Eym,OhKyu Yoon,OhKyu,Yoon,ohkyu.yoon@gilead.com,,2026-07-14T02:36:42.375Z,invited,,,,,https://luma.com/check-in/evt-LuC4mPhMgiBr2vz?pk=g-d8nM8ir9M2BiF1U,,,,,,,,,,,,,,,,,,,,,,,,
gst-TDZPLJKMzLpCWuh,Saddiq Jeelani,Saddiq,Jeelani,saddiq.jeelani@gmail.com,,2026-07-14T02:36:42.375Z,invited,,,,,https://luma.com/check-in/evt-LuC4mPhMgiBr2vz?pk=g-O2epqNTfcvRIuE2,,,,,,,,,,,,,,,,,,,,,,,,
gst-3ha9bn0OeZTZ4wf,MinJae Seo,Minjae,Seo,seoclog109@gmail.com,,2026-07-14T02:36:42.375Z,invited,,,,,https://luma.com/check-in/evt-LuC4mPhMgiBr2vz?pk=g-OgZxBZkCLcsmmVJ,,,,,,,,,,,,,,,,,,,,,,,,
gst-hydIIQMhbx9WNdP,Sachin Keswani,Sachin,Keswani,skeswani2005@gmail.com,,2026-07-14T02:36:42.375Z,invited,,,,,https://luma.com/check-in/evt-LuC4mPhMgiBr2vz?pk=g-4tM62bQnAZGTr5S,,,,,,,,,,,,,,,,,,,,,,,,
gst-XrKXfLZyJHmu5Ah,Sang-Min Lee,Sang-Min,Lee,smlus@yahoo.com,,2026-07-14T02:36:42.375Z,invited,,,,,https://luma.com/check-in/evt-LuC4mPhMgiBr2vz?pk=g-pHllfaakHEbsMmu,,,,,,,,,,,,,,,,,,,,,,,,
gst-was3IEAJbWeUTW5,Soon Kim,Soon,Kim,soonkim@eqbr.com,,2026-07-14T02:36:42.375Z,invited,,,,,https://luma.com/check-in/evt-LuC4mPhMgiBr2vz?pk=g-cdcXaD5lJr7Brfv,,,,,,,,,,,,,,,,,,,,,,,,
gst-txEhBOADXZBoqXb,Sukyung Chung,Sukyung,Chung,sukyung.chung@gmail.com,,2026-07-14T02:36:42.375Z,invited,,,,,https://luma.com/check-in/evt-LuC4mPhMgiBr2vz?pk=g-4ZBl3HeoEgHQMor,,,,,,,,,,,,,,,,,,,,,,,,
gst-nDFeAXTiltYAEUy,Kevin T. Shin,Kevin,Shin,sundance14@gmail.com,,2026-07-14T02:36:42.375Z,invited,,,,,https://luma.com/check-in/evt-LuC4mPhMgiBr2vz?pk=g-GSLAAAhSk2rORV6,,,,,,,,,,,,,,,,,,,,,,,,
gst-9ANkZ3os3u1F4pp,Taeho Park,,,taeho.park@sjsu.edu,,2026-07-14T02:36:42.375Z,invited,,,,,https://luma.com/check-in/evt-LuC4mPhMgiBr2vz?pk=g-oaU9fQypHTGnjAQ,,,,,,,,,,,,,,,,,,,,,,,,
gst-b2ELA1OWg3JX3wH,Thyaga Nandagopal,Thyaga,Nandagopal,t.nandagopal@samsung.com,,2026-07-14T02:36:42.375Z,invited,,,,,https://luma.com/check-in/evt-LuC4mPhMgiBr2vz?pk=g-QyAucf0c641EvmW,,,,,,,,,,,,,,,,,,,,,,,,
gst-1rAU8XlxA2S1TO8,Manasa,Manasa,Andru,tswmanasa@gmail.com,,2026-07-14T02:36:42.375Z,invited,,,,,https://luma.com/check-in/evt-LuC4mPhMgiBr2vz?pk=g-JuruN5fuflsOZNE,,,,,,,,,,,,,,,,,,,,,,,,
gst-MXWwivE5KFvvxhH,Ulzee An,Ulzee,An,ulzee@cs.ucla.edu,,2026-07-14T02:36:42.375Z,invited,,,,,https://luma.com/check-in/evt-LuC4mPhMgiBr2vz?pk=g-Al8KSdebY93ZtDr,,,,,,,,,,,,,,,,,,,,,,,,
gst-Xsw82F779fFgg0a,유우종,우종,유,vjejr32@naver.com,,2026-07-14T02:36:42.375Z,invited,,,,,https://luma.com/check-in/evt-LuC4mPhMgiBr2vz?pk=g-j1JUI0TYVphnOLA,,,,,,,,,,,,,,,,,,,,,,,,
gst-mXQApCoIC5Qrg8M,Wan Rim,Wan,Rim,wanrim@gmail.com,,2026-07-14T02:36:42.375Z,invited,,,,,https://luma.com/check-in/evt-LuC4mPhMgiBr2vz?pk=g-h7k1GKQUmHjmuxU,,,,,,,,,,,,,,,,,,,,,,,,
gst-qqJPhYTzJr9tSua,Ji Yeon Kim,Ji Yeon,Kim,wldus2200@hotmail.com,,2026-07-14T02:36:42.375Z,invited,,,,,https://luma.com/check-in/evt-LuC4mPhMgiBr2vz?pk=g-9qES2Tm5XSVM0bG,,,,,,,,,,,,,,,,,,,,,,,,
gst-Vxgl46YfHtdrORU,Julia yi,Joohyeun,Yi,yijoohyeun@gmail.com,,2026-07-14T02:36:42.375Z,invited,,,,,https://luma.com/check-in/evt-LuC4mPhMgiBr2vz?pk=g-G1dPZTczKlajSxD,,,,,,,,,,,,,,,,,,,,,,,,
gst-MstDaOsX1G7R206,Yeon Mi Hwang,Yeon Mi,Hwang,ymh@stanford.edu,,2026-07-14T02:36:42.375Z,invited,,,,,https://luma.com/check-in/evt-LuC4mPhMgiBr2vz?pk=g-EU1zm0zVhStW7K1,,,,,,,,,,,,,,,,,,,,,,,,
gst-J5bBptNCT0TU7mX,Young-Eun Lee,Young-Eun,Lee,youngeun@stanford.edu,,2026-07-14T02:36:42.375Z,invited,,,,,https://luma.com/check-in/evt-LuC4mPhMgiBr2vz?pk=g-Kts7FTtRlChsEvT,,,,,,,,,,,,,,,,,,,,,,,,
gst-5UhRue9SsHN4JPv,Sunghee Yun,Sunghee,Yun,sunghee.yun@gmail.com,,2026-07-13T09:32:50.897Z,approved,,,,,https://luma.com/check-in/evt-LuC4mPhMgiBr2vz?pk=IVrfcWENjz1zGCw,$0.00,$0.00,$0.00,usd,,,,,,ttype-nGUs5eXCYiXQ98l,Standard,Sunghee Yun,https://linkedin.com/in/sungheeyun,,"Erudio Bio, Inc. / Erudio Bio Korea, Inc. / Silicon Valley AI Nexus",Co-Founder & CTO / CEO / Leader & Chair,Founder / CEO / C-Suite,"Artificial Intelligence / Machine Learning, Biotech / Pharmaceuticals / Drug Discovery, Medical Devices / Digital Health, Diagnostics / Biomarkers",,,,,,