guest_id,name,first_name,last_name,email,phone_number,created_at,approval_status,checked_in_at,utm_source,utm_medium,utm_campaign,utm_term,utm_content,google_click_id,meta_click_id,x_click_id,linkedin_click_id,tiktok_click_id,reddit_click_id,yandex_click_id,referrer,referred_by,qr_code_url,amount,amount_tax,amount_discount,currency,coupon_code,eth_address,solana_address,survey_response_rating,survey_response_feedback,ticket_type_id,ticket_name,"Preferred Name for Badge (e.g., Korean name)",LinkedIn Profile URL,Current Company or Organization,Job Title,What best describes your primary role? (Select one),Which domain(s) best describe your area of expertise or interest? (Select up to 2),Any topics you’d like covered or discussed?,What do you hope to gain from this experience?,Special accommodations needed?,(First-timers only) Is this your first time attending an AI Nexus event?,(First-timers only) How did you hear about us?,(First-timers only) Would you like to join AI Nexus membership? (refer to https://sv-ai-nexus.github.io/membership/)
gst-1gQfxi0oRS59Dpt,HK Kwon,HK,Kwon,hyukmin@alumni.stanford.edu,,2026-08-07T18:46:03.802Z,approved,,,,,,,,,,,,,,,,https://luma.com/check-in/evt-g2MHPzFAwzYN3zX?pk=EADEL48VtLEE8hb,$0.00,$0.00,$0.00,usd,,,,,,ttype-ueuDPgwIUisyg2Y,Standard,HK Kwon,https://linkedin.com/in/hmkwon,"SK hynix, Venture Investment",Investment Director,Investor / VC / Angel,Entrepreneurship / Startups,,,No,Yes,Learned Minha Hwang,Yes
gst-pJUM45w3inmvoJJ,Chloe,Chloe,,chloechoi.me@pm.me,,2026-08-12T02:20:03.972Z,approved,,,,,,,,,,,,,,,,https://luma.com/check-in/evt-g2MHPzFAwzYN3zX?pk=e5J3Bipi1EX5qXA,$0.00,$0.00,$0.00,usd,,,,,,ttype-ueuDPgwIUisyg2Y,Standard,"Chloe ",https://linkedin.com/in/chloechoi.me,BeautyChain Inc.,CEO,Founder / CEO / C-Suite,"Entrepreneurship / Startups, Artificial Intelligence / Machine Learning",,,,,,
gst-2vHwxERieE0XywP,Polly,Polly,Lee,erinlee1109@gmail.com,,2026-08-11T19:45:47.224Z,approved,,,,,,,,,,,,,,,mulli2@gmail.com,https://luma.com/check-in/evt-g2MHPzFAwzYN3zX?pk=RuCVGHBe5yxwbhF,$0.00,$0.00,$0.00,usd,,,,,,ttype-ueuDPgwIUisyg2Y,Standard,Erin,https://linkedin.com/in/yujeong-lee,TikTok,Software QA,Software Engineer / Developer,"Cybersecurity / Privacy, Law / Regulation / IP / Policy, Data Science / Data Engineering, Artificial Intelligence / Machine Learning","N/A ","I want to attend the kickoff to get a better understanding of this program/initiative before I commit to 3 months. ",No,Yes,"Study Club++ ",No
gst-FT8OCtEjEWuUgKB,HEEJOON KIM,Heejoon,Kim,brandon78.kim@gmail.com,,2026-08-11T18:49:39.215Z,approved,,,,,,,,,,,,,,github.io,,https://luma.com/check-in/evt-g2MHPzFAwzYN3zX?pk=7fzFSOjFfbBwQ3s,$0.00,$0.00,$0.00,usd,,,,,,ttype-ueuDPgwIUisyg2Y,Standard,김희준,https://linkedin.com/in/brandon-heejoon-kim-997640ab,Synopsys,Sr. Director,Product Manager,"Other, Artificial Intelligence / Machine Learning","실제 어떤 퀄리티의 결과를 만들어내고 있는지와 함께 앞으로 다가올 미래를 위한 어떤고민들을 하시는지 듣고, 배우고, 실제 업무에 녹여서 사용 가능한 것과 그렇지 못하는 것들의 경계선을 알고 싶습니다.","바이브코딩에 대해서 이해하고, 실제 개발 성과를 내기위해 필요한 핵심 인력, 조직, 규모등을 이해하고 싶습니다.",No,Yes,"K-PAI 를 통해 가입하였고, 윤성희 의장님 통해서 취지와 방향성에 공감하여 가입하게 되었습니다.",
gst-ZwzY2ec5QTSaARA,Yisoo Kang,Yisoo,Kang,kangyisoo828@gmail.com,,2026-08-11T18:42:39.258Z,approved,,,,,,,,,,,,,,,,https://luma.com/check-in/evt-g2MHPzFAwzYN3zX?pk=0wJAuzKDEtlIy7o,$0.00,$0.00,$0.00,usd,,,,,,ttype-ueuDPgwIUisyg2Y,Standard,강이수,https://linkedin.com/in/yisookang,KAIST,Student,Business Development / Sales,"Robotics / Automation, Other",Operating delivery services and Drone delivery,"Networking, Learning the trend of Agentic coding",No,Yes,"By Yeonsu Lee, Lawyer in PlugnPlay",Yes
gst-itTOFKAdgAeR2d9,Eugene J,Eugene,J,eugene@wasd3r.xyz,,2026-08-07T18:46:03.802Z,approved,,,,,,,,,,,,,,,,https://luma.com/check-in/evt-g2MHPzFAwzYN3zX?pk=J95yABc7kxa1XiG,$0.00,$0.00,$0.00,usd,,,,,,ttype-ueuDPgwIUisyg2Y,Standard,Eugene,https://linkedin.com/in/ekjoo,Wasder,founder,Founder / CEO / C-Suite,"Artificial Intelligence / Machine Learning, Finance / Investment / VC",,,,,,
gst-We08p3DcUUbnlQ9,Sehyeog Kim (Jeff),Sehyeog,Kim,kimse991228@gmail.com,,2026-08-11T17:03:43.168Z,approved,,,,,,,,,,,,,,gov-dooray.com,,https://luma.com/check-in/evt-g2MHPzFAwzYN3zX?pk=Xc0e5nBoZGkMtBn,$0.00,$0.00,$0.00,usd,,,,,,ttype-ueuDPgwIUisyg2Y,Standard,김세혁,https://linkedin.com/in/sehyeog-kim-5a1131265,KAIST,Researcher,Graduate Student / Undergraduate Student,"Artificial Intelligence / Machine Learning, Medical Devices / Digital Health","Extracting Knowledge layer, building the long term agent memory. 2nd brain. Digital twin brain.",Just wanna find people who are feeling the same thing with me and resonate with me.,Yes,Yes,from the advisor (이연수 변호사님),Yes
gst-vCuNxCkHSoPrtF0,Hyojung kim,Hyojung,Kim,hjs990305@gmail.com,,2026-08-11T03:29:08.454Z,approved,,,,,,,,,,,,,,github.io,,https://luma.com/check-in/evt-g2MHPzFAwzYN3zX?pk=5OAP5re6iw2BsQF,$0.00,$0.00,$0.00,usd,,,,,,ttype-ueuDPgwIUisyg2Y,Standard,Hyojung Kim,https://linkedin.com/in/jamiekim80,Komico Pheonix,Senior Process Engineer,Product Manager,"Artificial Intelligence / Machine Learning, Quantum Computing / Cryptography, Robotics / Automation",How to develop an effective go-to-market strategy for a new product,Potential and Opportunity as Product Manager & GTM,No,Yes,I got the information through the K-Group Vibe Coding group.,Yes
gst-3K6nEjLlKUcFVRX,Peter Bae,Peter,Bae,peter@kicsv.org,,2026-08-10T18:27:15.785Z,approved,,,,,,,,,,,,,,,,https://luma.com/check-in/evt-g2MHPzFAwzYN3zX?pk=Z77m3eFN7WPERT8,$0.00,$0.00,$0.00,usd,,,,,,ttype-ueuDPgwIUisyg2Y,Standard,배정융,https://linkedin.com/in/peter-bae-551b1b1,kicsv,CEO,Founder / CEO / C-Suite,Government / Public Policy,,,,,,
gst-S9EhS2rh9mcbvGq,Mike Pak,Mike,Pak,mikekpak@gmail.com,,2026-08-07T18:46:03.802Z,approved,,,,,,,,,,,,,,,,https://luma.com/check-in/evt-g2MHPzFAwzYN3zX?pk=2dnbpViI4mCfyMy,$0.00,$0.00,$0.00,usd,,,,,,ttype-ueuDPgwIUisyg2Y,Standard,Mike Pak,https://linkedin.com/in/mikekpak,WBD,CTO,Founder / CEO / C-Suite,"Entrepreneurship / Startups, Other",,,,,,
gst-HQLr6NkBvVuLBHK,Jason Kim,Jason,Kim,jkim@xilicom.com,,2026-08-07T18:46:03.802Z,approved,,,,,,,,,,,,,,,,https://luma.com/check-in/evt-g2MHPzFAwzYN3zX?pk=5kYD5EWUzyywaTD,$0.00,$0.00,$0.00,usd,,,,,,ttype-ueuDPgwIUisyg2Y,Standard,Jason Kim (김승민),https://linkedin.com/in/jason-seungmin-kim,"Xilicom Research, Inc.",Chief Systems Archtect,AI / ML Engineer,"Artificial Intelligence / Machine Learning, Entrepreneurship / Startups, Robotics / Automation",,,,,,
gst-u810iB4BIMSPnCA,Insuk Song,Insuk,Song,insuksong11@gmail.com,,2026-08-07T18:46:03.802Z,approved,,,,,,,,,,,,,,github.io,,https://luma.com/check-in/evt-g2MHPzFAwzYN3zX?pk=3SQXOwX648Fad4R,$0.00,$0.00,$0.00,usd,,,,,,ttype-ueuDPgwIUisyg2Y,Standard,송인숙,https://linkedin.com/in/insuk-song-b9995335,Altos One,Managing director,Founder / CEO / C-Suite,Medical Devices / Digital Health,,,,,,
gst-vIE5JryzqqULNNQ,Jaedong Shin,Jaedong,Shin,mulli2@gmail.com,,2026-08-08T16:24:29.611Z,approved,,,,,,,,,,,,,,github.io,,https://luma.com/check-in/evt-g2MHPzFAwzYN3zX?pk=X35EmRo8BRKqfNm,$0.00,$0.00,$0.00,usd,,,,,,ttype-ueuDPgwIUisyg2Y,Standard,신재동,https://linkedin.com/in/jaedong-shin,Uber,Senior Software Engineer,Software Engineer / Developer,Education / Academia,Everything,Releasing an app to a market,No,No,,
gst-PCAqoxyYgnPYvQF,Manasa,Manasa,Andru,tswmanasa@gmail.com,,2026-08-07T18:46:03.802Z,approved,,,,,,,,,,,,,,Luma Feed,,https://luma.com/check-in/evt-g2MHPzFAwzYN3zX?pk=HrLdc5nsU6M5Hzt,$0.00,$0.00,$0.00,usd,,,,,,ttype-ueuDPgwIUisyg2Y,Standard,Manasa Andru,https://linkedin.com/in/manasaandru,Vagaro,"Product Designer ",Other,Healthcare / Clinical Medicine,,,,,,
gst-7PAYJms1rvDOJvf,Hyejin (Kristine) Kim,Kristine (Hyejin),Kim,freshgreent0@gmail.com,,2026-08-08T15:50:25.793Z,approved,,,,,,,,,,,,,,github.io,,https://luma.com/check-in/evt-g2MHPzFAwzYN3zX?pk=nV0bT0K6xBQLkFq,$0.00,$0.00,$0.00,usd,,,,,,ttype-ueuDPgwIUisyg2Y,Standard,Hyejin,https://linkedin.com/in/hyejinkristinekim,Walmart,Product Manager,Product Manager,Artificial Intelligence / Machine Learning,,,,,,
gst-tmIvP6uPEMuK1lO,이경민,경민,이,itybitty@naver.com,,2026-08-07T18:46:03.802Z,approved,,,,,,,,,,,,,,,,https://luma.com/check-in/evt-g2MHPzFAwzYN3zX?pk=st8D54wApaaBcna,$0.00,$0.00,$0.00,usd,,,,,,ttype-ueuDPgwIUisyg2Y,Standard,Min,https://linkedin.com/in/kyungmin-lee-31a0a4b3,Independent Automotive Consultant,Automotive Perceived Quality & Craftsmanship Expert,Consultant / Advisor,Other,"How domain experts can collaborate with AI builders to turn deep industry knowledge into practical products. I’m particularly interested in AI applications for automotive craftsmanship, perceived quality, design validation, manufacturing issue resolution, and lessons-learned knowledge systems.","How domain experts can collaborate with AI builders to turn deep industry knowledge into practical products. I’m particularly interested in AI applications for automotive craftsmanship, perceived quality, design validation, manufacturing issue resolution, and lessons-learned knowledge systems.",,Yes,Through an e-mail invitation from the AI Nexus Communitee,No
gst-0VZ80nlPxLi5Jrx,Daniel Y Hur,Daniel,Hur,danielhur@uclone.net,,2026-08-07T18:46:03.802Z,approved,,,,,,,,,,,,,,github.io,,https://luma.com/check-in/evt-g2MHPzFAwzYN3zX?pk=vnptCSesKbjfI65,$0.00,$0.00,$0.00,usd,,,,,,ttype-ueuDPgwIUisyg2Y,Standard,허 다니엘,https://linkedin.com/in/yerang-d-hur-5378564,UClone Inc,Founder,Founder / CEO / C-Suite,"Artificial Intelligence / Machine Learning, Robotics / Automation",,,,,,
gst-JXdThXxrOnFOZd2,KiYoung Nam,Kiyoung,Nam,kiyoung.nam@gmail.com,,2026-08-08T15:10:24.179Z,approved,,,,,,,,,,,,,,github.io,,https://luma.com/check-in/evt-g2MHPzFAwzYN3zX?pk=FLhMiZBRx3WEKe3,$0.00,$0.00,$0.00,usd,,,,,,ttype-ueuDPgwIUisyg2Y,Standard,남기영,https://linkedin.com/in/kiyoung-nam-2991a936,Apple,Analog mixed-signal circuit designer,Researcher / Scientist,Entrepreneurship / Startups,,Building a product from 0 to 1,No,,Email,No
gst-Ra9F8RDIWRnIIhN,Xavier Huang,Xavier,Huang,915425297@qq.com,,2026-08-07T18:46:03.802Z,approved,,,,,,,,,,,,,,,,https://luma.com/check-in/evt-g2MHPzFAwzYN3zX?pk=60iStIjX6H3OaEh,$0.00,$0.00,$0.00,usd,,,,,,ttype-ueuDPgwIUisyg2Y,Standard,Xavier Huang,https://linkedin.com/in/xavierhuang1234,Lingcode,founder,AI / ML Engineer,Artificial Intelligence / Machine Learning,,,No,Yes,,Yes
gst-nze3yEb3Mbffj7A,Uk Huh,Uk,Huh,uk.1.huh@gmail.com,,2026-08-08T04:40:37.878Z,approved,,,,,,,,,,,,,,github.io,sunghee.yun@gmail.com,https://luma.com/check-in/evt-g2MHPzFAwzYN3zX?pk=lG9ZPH7m4mCESEk,$0.00,$0.00,$0.00,usd,,,,,,ttype-ueuDPgwIUisyg2Y,Standard,허욱,https://linkedin.com/in/ukhuh,Meta,Failure Analysis Engineer,Other,"Other, Robotics / Automation",Physics informed DL induced inspection & metrology algorithm,Building an algorithm and/or automated workflow integrated into wafer fabrication processess,No,Yes,Minha Hwang shared the event information with me.,Yes
gst-jVmYAGX49COPkFe,Seong Lee,Seong,Lee,sjnicklee@hotmail.com,,2026-08-08T03:47:17.173Z,approved,,,,,,,,,,,,,,github.io,sunghee.yun@gmail.com,https://luma.com/check-in/evt-g2MHPzFAwzYN3zX?pk=TqavLBRSzYJIE53,$0.00,$0.00,$0.00,usd,,,,,,ttype-ueuDPgwIUisyg2Y,Standard,Seong Lee (이성준),https://linkedin.com/in/seonglee,Apple,Sr staff software engineer,Software Engineer / Developer,Other,N/A,N/A,No,Yes,From Dr Hwang,Yes
gst-nEGhYAGD4JDv3st,박재홍,재홍,박,wooghd8503@naver.com,,2026-08-08T01:01:00.814Z,approved,,,,,,,,,,,,,,LinkedIn,,https://luma.com/check-in/evt-g2MHPzFAwzYN3zX?pk=uFhHeuvUuQjyuem,$0.00,$0.00,$0.00,usd,,,,,,ttype-ueuDPgwIUisyg2Y,Standard,박재홍,https://linkedin.com/in/park-jaehong-505164ab,업스테이지,ai researcher,AI / ML Engineer,Artificial Intelligence / Machine Learning,,,Yes,Yes,,
gst-7GFOtXKTcDQruqV,Mina Park,Mina,Park,mina.park@stndenergy.com,,2026-08-07T23:39:17.818Z,approved,,,,,,,,,,,,,,,sunghee.yun@gmail.com,https://luma.com/check-in/evt-g2MHPzFAwzYN3zX?pk=KgsCMEUyAEDpAPF,$0.00,$0.00,$0.00,usd,,,,,,ttype-ueuDPgwIUisyg2Y,Standard,Mina Park,https://linkedin.com/in/minajpark,Northeastern University,Part-time Lecturer,Professor / Academic Faculty,"Other, Education / Academia",,,No,Yes,From Minha Hwang,Yes
gst-GwFYtWkCvFHgqgV,Jae Young Kim,Jae Young,Kim,jaeyoungk0503@gmail.com,,2026-08-07T23:38:52.808Z,approved,,,,,,,,,,,,,,,sunghee.yun@gmail.com,https://luma.com/check-in/evt-g2MHPzFAwzYN3zX?pk=BbDBJOSxAtDFVFE,$0.00,$0.00,$0.00,usd,,,,,,ttype-ueuDPgwIUisyg2Y,Standard,Jae Young Kim,https://linkedin.com/in/jae-young-kim1,Walmart Global Tech,Senior Data Scientist,Data Scientist / Data Engineer,"Data Science / Data Engineering, Artificial Intelligence / Machine Learning",,Network with other builders and listen their stories.,No,Yes,I got invitation from Dr.Minha Hwang,Yes
gst-LHyvGUWESheBmSs,Goonho Park,Goonho,Park,neuorpa@gmail.com,,2026-08-07T18:46:03.802Z,approved,,,,,,,,,,,,,,,,https://luma.com/check-in/evt-g2MHPzFAwzYN3zX?pk=Dip74E5p3BZchP8,$0.00,$0.00,$0.00,usd,,,,,,ttype-ueuDPgwIUisyg2Y,Standard,Goonho Park,https://linkedin.com/in/goonho-park-452bab26,PATHOBRAINSEQ Inc.,CEO,Founder / CEO / C-Suite,"Healthcare / Clinical Medicine, Artificial Intelligence / Machine Learning, Biotech / Pharmaceuticals / Drug Discovery, Medical Devices / Digital Health, Genomics / Precision Medicine, Diagnostics / Biomarkers",,,,,,
gst-bSkDcFtNXFKEevg,홍주원,주원,홍,juwon.j.hong@gmail.com,,2026-08-07T23:29:49.985Z,approved,,,,,,,,,,,,,,github.io,sunghee.yun@gmail.com,https://luma.com/check-in/evt-g2MHPzFAwzYN3zX?pk=kgDmZMSyXjwF7cv,$0.00,$0.00,$0.00,usd,,,,,,ttype-ueuDPgwIUisyg2Y,Standard,Juwon,https://linkedin.com/in/jeanjh,Seoul National University,Ph.D.,Researcher / Scientist,"Data Science / Data Engineering, Artificial Intelligence / Machine Learning",,,,Yes,,
gst-TLQLbV0sdc4SIKp,Donghoon Kim,Donghoon,Kim,donghoonkim91@gmail.com,,2026-08-07T18:46:03.802Z,approved,,,,,,,,,,,,,,LinkedIn,,https://luma.com/check-in/evt-g2MHPzFAwzYN3zX?pk=Cot7B53gRbjWBtB,$0.00,$0.00,$0.00,usd,,,,,,ttype-ueuDPgwIUisyg2Y,Standard,Donghoon Kim,https://linkedin.com/in/donghoon-kim-983149151,Stanford University,Postdoctoral Scholar,Researcher / Scientist,"Healthcare / Clinical Medicine, Artificial Intelligence / Machine Learning",,,No,,,
gst-c5j4yO8LfuwoOCp,Hyunjung Yu,Hyunjung,Yu,cestannie@gmail.com,,2026-08-07T20:30:31.942Z,approved,,,,,,,,,,,,,,,,https://luma.com/check-in/evt-g2MHPzFAwzYN3zX?pk=d4MLvLsxNL32j2I,$0.00,$0.00,$0.00,usd,,,,,,ttype-ueuDPgwIUisyg2Y,Standard,유현정,https://linkedin.com/in/hyunjung-annie-yu,UC Berkeley Korea Law Center,Executive Director,Professor / Academic Faculty,"Law / Regulation / IP / Policy, Government / Public Policy",,,No,No,,
gst-ZiY1oX2NhW66Y8b,Steve,Seunghwa,Song,sshtel@gmail.com,,2026-08-07T20:05:31.430Z,approved,,,,,,,,,,,,,,Meta Ad,,https://luma.com/check-in/evt-g2MHPzFAwzYN3zX?pk=QFge5SeGVY9qohk,$0.00,$0.00,$0.00,usd,,,,,,ttype-ueuDPgwIUisyg2Y,Standard,송승화,https://linkedin.com/in/sshtel,Self employeed,Software engineer,Software Engineer / Developer,"Artificial Intelligence / Machine Learning, Entrepreneurship / Startups",,,,,,
gst-7F39rIgILaGYn0A,YONGWOO JO,YONGWOO,JO,5jvnpg4mgf@privaterelay.appleid.com,,2026-08-07T19:45:32.280Z,declined,,,,,,,,,,,,,,,,https://luma.com/check-in/evt-g2MHPzFAwzYN3zX?pk=g-8FF5qnohhmjmQqQ,,,,,,,,,,,,Yongwoo Jo,https://linkedin.com/in/yongwoojo,SSI,Engineer,AI / ML Engineer,"Artificial Intelligence / Machine Learning, Biotech / Pharmaceuticals / Drug Discovery",,,,,,
gst-8lAZcFnXznA70vX,Kyungmin Baek,B,GM,bgm6974@gmail.com,,2026-08-07T18:46:03.802Z,declined,,,,,,,,,,,,,,,,https://luma.com/check-in/evt-g2MHPzFAwzYN3zX?pk=g-1WoNAZN1YmcNHoc,,,,,,,,,,,,Kyungmin Baek,https://linkedin.com/in/kmbaek,Samsung San Jose,Senior Engineer,AI / ML Engineer,Artificial Intelligence / Machine Learning,,,,,,
gst-MwCYRBpvULT8B24,Minha,Minha,Hwang,minha.hwang@gmail.com,,2026-08-07T18:46:03.802Z,approved,,,,,,,,,,,,,,,,https://luma.com/check-in/evt-g2MHPzFAwzYN3zX?pk=irbrCu2NLc6Zw67,$0.00,$0.00,$0.00,usd,,,,,,ttype-ueuDPgwIUisyg2Y,Standard,Minha Hwang,https://linkedin.com/in/minha-hwang-7440771,Microsoft,Principal Applied Scientist,Researcher / Scientist,"Artificial Intelligence / Machine Learning, Data Science / Data Engineering",Agentic coding,Kick-off,No,No,,
gst-rs2OMivdB8ccZgI,JINHEE LEE,Jinhee,Lee,jinh.lee95@gmail.com,,2026-08-07T18:46:03.802Z,approved,,,,,,,,,,,,,,,,https://luma.com/check-in/evt-g2MHPzFAwzYN3zX?pk=ME5yFhO9MSGEb2l,$0.00,$0.00,$0.00,usd,,,,,,ttype-ueuDPgwIUisyg2Y,Standard,이진희,https://linkedin.com/in/jinhlee95,Stanford University,Dr,Physician / Clinician,"Medical Devices / Digital Health, Entrepreneurship / Startups",,,No,,,
gst-OIhP43vefUyn5Ci,Eli Kim,Eli,Kim,elikim2568@gmail.com,,2026-08-07T18:46:03.802Z,declined,,,,,,,,,,,,,,,,https://luma.com/check-in/evt-g2MHPzFAwzYN3zX?pk=g-cVvo7AgT4oD5U1l,,,,,,,,,,,,Eli Kim,https://linkedin.com/in/eli-kim-904183402,Lick-Wilmerding High School,Student,Other,Biotech / Pharmaceuticals / Drug Discovery,,,No,No,,
gst-m8QHh7wDKzAG4e2,Zoe Gu,Jimin,Gu,mintpop10@gmail.com,,2026-08-07T18:46:03.802Z,approved,,,,,,,,,,,,,,,,https://luma.com/check-in/evt-g2MHPzFAwzYN3zX?pk=jG7j1pP480hmC9I,$0.00,$0.00,$0.00,usd,,,,,,ttype-ueuDPgwIUisyg2Y,Standard,Jimin Gu,https://linkedin.com/in/99jimingu,UC Berkeley,Post doctoral reseacher,Postdoc / Fellow,"Education / Academia, Artificial Intelligence / Machine Learning, Robotics / Automation",,,No,Yes,,Yes
gst-tHewERhn7xxVqYQ,Kyung Ho Kang,Kyung Ho,Kang,scottkang991103@gmail.com,,2026-08-07T18:46:03.802Z,approved,,,,,,,,,,,,,,,,https://luma.com/check-in/evt-g2MHPzFAwzYN3zX?pk=hdFVxbGPrLYLJpD,$0.00,$0.00,$0.00,usd,,,,,,ttype-ueuDPgwIUisyg2Y,Standard,Scott Kang,https://linkedin.com/in/scott-kang,LinkedIn,Software Engineer,Software Engineer / Developer,Other,,,No,No,,Yes
gst-KGf9KeDgkEwIdsO,Bohyoung Lee,Bohyoung,Lee,bhyolee@stanford.edu,,2026-08-07T18:46:03.802Z,approved,,,,,,,,,,,,,,,,https://luma.com/check-in/evt-g2MHPzFAwzYN3zX?pk=zmJHpgsKHI5dSD4,$0.00,$0.00,$0.00,usd,,,,,,ttype-ueuDPgwIUisyg2Y,Standard,Bo Hyoung Lee,https://linkedin.com/in/bohyounglee,Shin&Kim LLC,Attorney at law,Attorney / Legal Counsel,"Law / Regulation / IP / Policy, Entrepreneurship / Startups, Biotech / Pharmaceuticals / Drug Discovery",,,,,,
gst-g6dJ3EnrLHrdETa,Jiyang Kang,Jiyang,Kang,jiyang71@gmail.com,,2026-08-07T18:46:03.802Z,approved,,,,,,,,,,,,,,,,https://luma.com/check-in/evt-g2MHPzFAwzYN3zX?pk=lizohWtE4bj2c8G,$0.00,$0.00,$0.00,usd,,,,,,ttype-ueuDPgwIUisyg2Y,Standard,강지양,https://linkedin.com/in/jiyangkang,Google,TPM,AI / ML Engineer,Artificial Intelligence / Machine Learning,,,No,No,,
gst-gXtMccusEuosO3o,Young-Eun Lee,Young-Eun,Lee,youngeun@stanford.edu,,2026-08-07T18:46:03.802Z,approved,,,,,,,,,,,,,,,sunghee.yun@gmail.com,https://luma.com/check-in/evt-g2MHPzFAwzYN3zX?pk=o91fF0CWNqtbovk,$0.00,$0.00,$0.00,usd,,,,,,ttype-ueuDPgwIUisyg2Y,Standard,이영은,https://linkedin.com/in/young-eun-lee-bci,Stanford University,Postdoc,Researcher / Scientist,"Healthcare / Clinical Medicine, Artificial Intelligence / Machine Learning","바이브 코딩으로 여러 아이템들을 만들었는데, 이걸 가지고 어떻게 사업화로 나아갈지 나누고싶습니다","아이템은 있는데, 이걸 세일즈하고 마케팅하는 부분에 대해 더 배우고 싶습니다.",No,No,,
gst-ba3Gr7q8JfPR9Ud,Jason Lim,Jason,Lim,jason_lim2@apple.com,,2026-08-07T18:50:33.716Z,declined,,,,,,,,,,,,,,,,https://luma.com/check-in/evt-g2MHPzFAwzYN3zX?pk=g-3BpgEyM06qxoyzA,,,,,,,,,,,,,,,,,,,,,,,
gst-1L8LTgQDXPpDyHt,Jongmin Sung,Jongmin,Sung,jongmin.sung@gmail.com,,2026-08-07T18:46:03.802Z,approved,,,,,,,,,,,,,,,,https://luma.com/check-in/evt-g2MHPzFAwzYN3zX?pk=su2rLRz3NjewlxG,$0.00,$0.00,$0.00,usd,,,,,,ttype-ueuDPgwIUisyg2Y,Standard,성종민,https://linkedin.com/in/jongmin-sung,Stanford CVI,Lead AI Research Scientist,AI / ML Engineer,"Biotech / Pharmaceuticals / Drug Discovery, Healthcare / Clinical Medicine, Artificial Intelligence / Machine Learning, Medical Devices / Digital Health, Genomics / Precision Medicine, Diagnostics / Biomarkers, Data Science / Data Engineering",,,,,,
gst-ztoR6N0NLI2Er5k,George Zane,George,Zane,atheroa@outlook.com,,2026-08-07T18:46:03.802Z,invited,,,,,,,,,,,,,,,,https://luma.com/check-in/evt-g2MHPzFAwzYN3zX?pk=g-Z7ctEoALxyqKVj6,,,,,,,,,,,,,,,,,,,,,,,
gst-zQtm419xBnJDCEx,Deborah Lee,Deborah,Lee,deborahlee@dlbridgelaw.com,,2026-08-07T18:46:03.802Z,invited,,,,,,,,,,,,,,,,https://luma.com/check-in/evt-g2MHPzFAwzYN3zX?pk=g-bC10uofTHqfdcsG,,,,,,,,,,,,,,,,,,,,,,,
gst-zJtwJBjFGu16Qvn,Chloe Lee,Chloe,Lee,lalijuice@snu.ac.kr,,2026-08-07T18:46:03.802Z,invited,,,,,,,,,,,,,,,,https://luma.com/check-in/evt-g2MHPzFAwzYN3zX?pk=g-Ug6ezq3waaKOz9b,,,,,,,,,,,,,,,,,,,,,,,
gst-z4BvMfpdDHMyG7C,한지민,지민,한,lutyp.jm@gmail.com,,2026-08-07T18:46:03.802Z,invited,,,,,,,,,,,,,,,,https://luma.com/check-in/evt-g2MHPzFAwzYN3zX?pk=g-rvPBAdpmyoT7Cw6,,,,,,,,,,,,,,,,,,,,,,,
gst-yw98AG4qg0GmLNn,Ka Eun Lee,Ka Eun,Lee,kaeun.lee@ml.com,,2026-08-07T18:46:03.802Z,invited,,,,,,,,,,,,,,,,https://luma.com/check-in/evt-g2MHPzFAwzYN3zX?pk=g-AQBWt2Qiv0xX0VB,,,,,,,,,,,,,,,,,,,,,,,
gst-ydsoFklEFqBy21L,Michael Kwon,Michael,Kwon,minhyungk72@gmail.com,,2026-08-07T18:46:03.802Z,invited,,,,,,,,,,,,,,,,https://luma.com/check-in/evt-g2MHPzFAwzYN3zX?pk=g-aA0Ns9yeDtpSpLp,,,,,,,,,,,,,,,,,,,,,,,
gst-yaQdi6JV5EKZCRW,Gyehyon Andrea Jo,Gyehyon Andrea,Jo,andrea.jo@mvlasf.com,,2026-08-07T18:46:03.802Z,invited,,,,,,,,,,,,,,,,https://luma.com/check-in/evt-g2MHPzFAwzYN3zX?pk=g-xsRoNEkhByAxPcx,,,,,,,,,,,,,,,,,,,,,,,
gst-yLEpl5fZrYCmGAa,Kyeongran Yoo,Kyeongran,Yoo🩷,kyeongranyoo@gmail.com,,2026-08-07T18:46:03.802Z,invited,,,,,,,,,,,,,,,,https://luma.com/check-in/evt-g2MHPzFAwzYN3zX?pk=g-ByB8Fu6fOkFAsiL,,,,,,,,,,,,,,,,,,,,,,,
gst-y2aAe628DWBy15X,Bumsoo Kim,Bumsoo,Kim,bumsoo@qprime.vc,,2026-08-07T18:46:03.802Z,invited,,,,,,,,,,,,,,,,https://luma.com/check-in/evt-g2MHPzFAwzYN3zX?pk=g-RLA1J0bQvpcOlXq,,,,,,,,,,,,,,,,,,,,,,,
gst-xT52XDFs8RUSHrv,Ghayoung,Ghayoung,,ghayoung@gmail.com,,2026-08-07T18:46:03.802Z,invited,,,,,,,,,,,,,,,,https://luma.com/check-in/evt-g2MHPzFAwzYN3zX?pk=g-nlOCIqJAG5eZU35,,,,,,,,,,,,,,,,,,,,,,,
gst-xKRTaXZoNn00BRP,Yeseom Son,Yeseom,Son,cucubi33@gmail.com,,2026-08-07T18:46:03.802Z,invited,,,,,,,,,,,,,,,,https://luma.com/check-in/evt-g2MHPzFAwzYN3zX?pk=g-1cjUilgsxhwR3yc,,,,,,,,,,,,,,,,,,,,,,,
gst-xDVFn83tS1y7UeP,Win Sandy Saw,Win Sandy,Saw,winsandysaw@gmail.com,,2026-08-07T18:46:03.802Z,invited,,,,,,,,,,,,,,,,https://luma.com/check-in/evt-g2MHPzFAwzYN3zX?pk=g-XcFAnpzX5nmlhFa,,,,,,,,,,,,,,,,,,,,,,,
gst-xBpY47W1KyEMcy8,Jennifer Kim Lin,,,jenklin@gmail.com,,2026-08-07T18:46:03.802Z,invited,,,,,,,,,,,,,,,,https://luma.com/check-in/evt-g2MHPzFAwzYN3zX?pk=g-z8LSaXZ93vZt7Xy,,,,,,,,,,,,,,,,,,,,,,,
gst-wnmSPOHYGffWXrJ,Ray Broad,Ray,Broad,rayaebroad@gmail.com,,2026-08-07T18:46:03.802Z,invited,,,,,,,,,,,,,,,,https://luma.com/check-in/evt-g2MHPzFAwzYN3zX?pk=g-5M8zdcou32cTVRC,,,,,,,,,,,,,,,,,,,,,,,
gst-wXM2jhF3RbMQVDK,Jesse,Jesse,,jesse@askcuri.com,,2026-08-07T18:46:03.802Z,invited,,,,,,,,,,,,,,,,https://luma.com/check-in/evt-g2MHPzFAwzYN3zX?pk=g-nAE8N3iC1oqr0CI,,,,,,,,,,,,,,,,,,,,,,,
gst-wOGwi9zrhdQ32Z6,Hye Rin Shim,Hye Rin,Shim,hshim@inje.ac.kr,,2026-08-07T18:46:03.802Z,invited,,,,,,,,,,,,,,,,https://luma.com/check-in/evt-g2MHPzFAwzYN3zX?pk=g-YKFR6FyDmamnmOK,,,,,,,,,,,,,,,,,,,,,,,
gst-vu5nrJQUkWuDBls,Youngwook Song,Youngwook,Song,haydensong@gmail.com,,2026-08-07T18:46:03.802Z,invited,,,,,,,,,,,,,,,,https://luma.com/check-in/evt-g2MHPzFAwzYN3zX?pk=g-TAuGKqr2XRX8PFL,,,,,,,,,,,,,,,,,,,,,,,
gst-vtTYWkPqRZ99cv7,Uinam Choi,Uinam,Choi,uinam.choi@mangoboost.io,,2026-08-07T18:46:03.802Z,invited,,,,,,,,,,,,,,,,https://luma.com/check-in/evt-g2MHPzFAwzYN3zX?pk=g-Up23ufGPDdVWnPA,,,,,,,,,,,,,,,,,,,,,,,
gst-voJtaUeDfcGZHbd,Kwon Dongwoo,Dongwoo,Kwon,hyeonggyugwon3@gmail.com,,2026-08-07T18:46:03.802Z,invited,,,,,,,,,,,,,,,,https://luma.com/check-in/evt-g2MHPzFAwzYN3zX?pk=g-6wQholEj03Y4ZyX,,,,,,,,,,,,,,,,,,,,,,,
gst-vn8liG1JSOdJwPr,Changyung Kim,Changyung,Kim,kcy@sedaily.com,,2026-08-07T18:46:03.802Z,invited,,,,,,,,,,,,,,,,https://luma.com/check-in/evt-g2MHPzFAwzYN3zX?pk=g-uShifhUIOtziV1N,,,,,,,,,,,,,,,,,,,,,,,
gst-t0K2kEfJKDsBJEW,Daeun Kang,Daeun,Kang,kkang950516@gmail.com,,2026-08-07T18:46:03.802Z,invited,,,,,,,,,,,,,,,,https://luma.com/check-in/evt-g2MHPzFAwzYN3zX?pk=g-DogBewY2D3mrQKC,,,,,,,,,,,,,,,,,,,,,,,
gst-ssnrUkgCqhf5Gnx,Ruiping Li,Ruiping,Li,ruipinghome@gmail.com,,2026-08-07T18:46:03.802Z,invited,,,,,,,,,,,,,,,,https://luma.com/check-in/evt-g2MHPzFAwzYN3zX?pk=g-6fCCJG6mTIBewn6,,,,,,,,,,,,,,,,,,,,,,,
gst-sNWkqFF0Rz0uiIs,Hyewon Jeong,Hyewon,Jeong,lydiajeong0513@gmail.com,,2026-08-07T18:46:03.802Z,invited,,,,,,,,,,,,,,,,https://luma.com/check-in/evt-g2MHPzFAwzYN3zX?pk=g-Fb3WIMu3netLDTw,,,,,,,,,,,,,,,,,,,,,,,
gst-sKAdk5EUVYvJxos,김민재,민재,김,kmjmj8769@gmail.com,,2026-08-07T18:46:03.802Z,invited,,,,,,,,,,,,,,,,https://luma.com/check-in/evt-g2MHPzFAwzYN3zX?pk=g-2VmiChAUBwYmgT9,,,,,,,,,,,,,,,,,,,,,,,
gst-sHuGVP2EHKuEtQa,Andres Nino,Andres,Niño,andres@efficient.inc,,2026-08-07T18:46:03.802Z,invited,,,,,,,,,,,,,,,,https://luma.com/check-in/evt-g2MHPzFAwzYN3zX?pk=g-W74Lh5vAmGBE4qq,,,,,,,,,,,,,,,,,,,,,,,
gst-sHiIXzoWrt8OnT5,Son Kim,Kim,Son,sonwonkim@gmail.com,,2026-08-07T18:46:03.802Z,invited,,,,,,,,,,,,,,,,https://luma.com/check-in/evt-g2MHPzFAwzYN3zX?pk=g-Vc4s4hP6y11o66Q,,,,,,,,,,,,,,,,,,,,,,,
gst-s8ER76Btz0gfEte,Nari Choi,Nari,Choi,nari@valleyinnovationpartners.com,,2026-08-07T18:46:03.802Z,invited,,,,,,,,,,,,,,,,https://luma.com/check-in/evt-g2MHPzFAwzYN3zX?pk=g-khXDmwdEXydMKX5,,,,,,,,,,,,,,,,,,,,,,,
gst-s5tC2094iUmOC2F,Aykut fuat zafer,Aykut,Fuat Zafer,aykutfuatzafer@gmail.com,,2026-08-07T18:46:03.802Z,invited,,,,,,,,,,,,,,,,https://luma.com/check-in/evt-g2MHPzFAwzYN3zX?pk=g-v2Bl2HrQIUsK6tG,,,,,,,,,,,,,,,,,,,,,,,
gst-s0nbRoHKmzyM1f5,Kaden Sung,Kaden,Sung,kaden.k.sung@gmail.com,,2026-08-07T18:46:03.802Z,invited,,,,,,,,,,,,,,,,https://luma.com/check-in/evt-g2MHPzFAwzYN3zX?pk=g-Yik6gdgOdlmpQZ3,,,,,,,,,,,,,,,,,,,,,,,
gst-rjOVzZFbOtIoHlR,Marco Infosino,Marco,Infosino,minfosino@middlebury.edu,,2026-08-07T18:46:03.802Z,invited,,,,,,,,,,,,,,,,https://luma.com/check-in/evt-g2MHPzFAwzYN3zX?pk=g-vfVTmS11WcRmyzI,,,,,,,,,,,,,,,,,,,,,,,
gst-rMMJAaUVwt4IRfz,Amma Damir,Amma,Damir,adamir2@asu.edu,,2026-08-07T18:46:03.802Z,invited,,,,,,,,,,,,,,,,https://luma.com/check-in/evt-g2MHPzFAwzYN3zX?pk=g-zZdOhFG943HCBoz,,,,,,,,,,,,,,,,,,,,,,,
gst-rKjsrbOGcKhYzXs,MinJae Seo,Minjae,Seo,seoclog109@gmail.com,,2026-08-07T18:46:03.802Z,invited,,,,,,,,,,,,,,,,https://luma.com/check-in/evt-g2MHPzFAwzYN3zX?pk=g-jgFt0mMuFVHmVHD,,,,,,,,,,,,,,,,,,,,,,,
gst-rCcL1OgCNrDj7tV,EunJin Lee,EunJin,Lee,eunjin3.lee@lge.com,,2026-08-07T18:46:03.802Z,invited,,,,,,,,,,,,,,,,https://luma.com/check-in/evt-g2MHPzFAwzYN3zX?pk=g-V5fdo9DY0E8kwpc,,,,,,,,,,,,,,,,,,,,,,,
gst-rBkjXVvJSSwEn7z,Daniel Chung,Daniel,Chung,flivver76@gmail.com,,2026-08-07T18:46:03.802Z,invited,,,,,,,,,,,,,,,,https://luma.com/check-in/evt-g2MHPzFAwzYN3zX?pk=g-zrlPYmE38NKuBeT,,,,,,,,,,,,,,,,,,,,,,,
gst-qtN0IAMJCFwJp89,YOUNGKI AN,Youngki,An,youngki.an@lge.com,,2026-08-07T18:46:03.802Z,invited,,,,,,,,,,,,,,,,https://luma.com/check-in/evt-g2MHPzFAwzYN3zX?pk=g-Cj3c3J9YHr3Vadt,,,,,,,,,,,,,,,,,,,,,,,
gst-qmQY9xcve230Lp1,JunpilHur,준필,허,junpil8849@gmail.com,,2026-08-07T18:46:03.802Z,invited,,,,,,,,,,,,,,,,https://luma.com/check-in/evt-g2MHPzFAwzYN3zX?pk=g-ux9wXO1jxM1WFrE,,,,,,,,,,,,,,,,,,,,,,,
gst-qaWYkaZ5TDE1ygg,BaekLinda,Linda,Baek,sayy74@gmail.com,,2026-08-07T18:46:03.802Z,invited,,,,,,,,,,,,,,,,https://luma.com/check-in/evt-g2MHPzFAwzYN3zX?pk=g-5vuPMlcFYv8phVS,,,,,,,,,,,,,,,,,,,,,,,
gst-pYIHlIoxe8IpsWT,Charlie Huh,Charlie,Huh,charlie@titansim.com,,2026-08-07T18:46:03.802Z,invited,,,,,,,,,,,,,,,,https://luma.com/check-in/evt-g2MHPzFAwzYN3zX?pk=g-qjBa1EoK94Uj06q,,,,,,,,,,,,,,,,,,,,,,,
gst-pLrm7RmsqSBSuJL,Yong Jun Jeong,Jeong,Yong Jun,yongjunjeong81@gmail.com,,2026-08-07T18:46:03.802Z,invited,,,,,,,,,,,,,,,,https://luma.com/check-in/evt-g2MHPzFAwzYN3zX?pk=g-167obMjDfnribHy,,,,,,,,,,,,,,,,,,,,,,,
gst-pC7Tlbr3eGVulN9,JI YOON HAN,Ji Yoon,Han,june.jy.han@gmail.com,,2026-08-07T18:46:03.802Z,invited,,,,,,,,,,,,,,,,https://luma.com/check-in/evt-g2MHPzFAwzYN3zX?pk=g-RzVkxVGeWV0QsCT,,,,,,,,,,,,,,,,,,,,,,,
gst-p8f4HTiFmSvFxD7,Conrad Chipman,Conrad,Chipman,cc2684@georgetown.edu,,2026-08-07T18:46:03.802Z,invited,,,,,,,,,,,,,,,,https://luma.com/check-in/evt-g2MHPzFAwzYN3zX?pk=g-MP3SYd2jQU3xGi9,,,,,,,,,,,,,,,,,,,,,,,
gst-p6CQ9sC1jeXrGWE,Anna Cho,Anna,Cho,anna0913@snu.ac.kr,,2026-08-07T18:46:03.802Z,invited,,,,,,,,,,,,,,,,https://luma.com/check-in/evt-g2MHPzFAwzYN3zX?pk=g-7dYYodAAsdDebJt,,,,,,,,,,,,,,,,,,,,,,,
gst-owWj75IsV8fD8Gr,Soohwan Park,Soohwan,Park,soohwan0905@gmail.com,,2026-08-07T18:46:03.802Z,invited,,,,,,,,,,,,,,,,https://luma.com/check-in/evt-g2MHPzFAwzYN3zX?pk=g-z71HaMKcWmNBOsC,,,,,,,,,,,,,,,,,,,,,,,
gst-ogivZywD9YBXJpY,Liang Wang,Liang,Wang,lewis@mustangs.vc,,2026-08-07T18:46:03.802Z,invited,,,,,,,,,,,,,,,,https://luma.com/check-in/evt-g2MHPzFAwzYN3zX?pk=g-UEjYGCdqM93c6tC,,,,,,,,,,,,,,,,,,,,,,,
gst-oQpBeD6NruI7BpF,Wonook Song,Wonook,Song,wonook@apache.org,,2026-08-07T18:46:03.802Z,invited,,,,,,,,,,,,,,,,https://luma.com/check-in/evt-g2MHPzFAwzYN3zX?pk=g-GHC1RxXA3waJumx,,,,,,,,,,,,,,,,,,,,,,,
gst-oKucu3q2EvW6KJy,"DUCKSANG, LEE",Lee,Ducksang,dslee@dmtek.co.kr,,2026-08-07T18:46:03.802Z,invited,,,,,,,,,,,,,,,,https://luma.com/check-in/evt-g2MHPzFAwzYN3zX?pk=g-SdKF2McEMbvTiAf,,,,,,,,,,,,,,,,,,,,,,,
gst-oG3pABNAiofmLKP,Monica,Monica,,mark.signing-4t@icloud.com,,2026-08-07T18:46:03.802Z,invited,,,,,,,,,,,,,,,,https://luma.com/check-in/evt-g2MHPzFAwzYN3zX?pk=g-cHy1gud5Qd1MaUM,,,,,,,,,,,,,,,,,,,,,,,
gst-o1SLVKonNO1bCeG,Suah Rhyu,Suah,Rhyu,suahrhyu@naver.com,,2026-08-07T18:46:03.802Z,invited,,,,,,,,,,,,,,,,https://luma.com/check-in/evt-g2MHPzFAwzYN3zX?pk=g-YlT1tHpoetISejT,,,,,,,,,,,,,,,,,,,,,,,
gst-nmtZq7f4M62qsjC,Sean Kim,Sean,Kim,seandkim14@gmail.com,,2026-08-07T18:46:03.802Z,invited,,,,,,,,,,,,,,,,https://luma.com/check-in/evt-g2MHPzFAwzYN3zX?pk=g-kWvC8QZTmExRrec,,,,,,,,,,,,,,,,,,,,,,,
gst-niiKs4o6crms2Dk,Lu,혜성,이,lhs0481@gmail.com,,2026-08-07T18:46:03.802Z,invited,,,,,,,,,,,,,,,,https://luma.com/check-in/evt-g2MHPzFAwzYN3zX?pk=g-fZuUic4h05qtvrC,,,,,,,,,,,,,,,,,,,,,,,
gst-nQm7kAofFRBLdMj,Grace Shields,Grace,Shields,gscarmonstudios@gmail.com,,2026-08-07T18:46:03.802Z,invited,,,,,,,,,,,,,,,,https://luma.com/check-in/evt-g2MHPzFAwzYN3zX?pk=g-BjDg6kFr2VdOB61,,,,,,,,,,,,,,,,,,,,,,,
gst-nDxbJYoBcIAQDC8,Min Kyeong,Min,Kyeong,min9509@gmail.com,,2026-08-07T18:46:03.802Z,invited,,,,,,,,,,,,,,,,https://luma.com/check-in/evt-g2MHPzFAwzYN3zX?pk=g-FKtuRuifO4kLAWF,,,,,,,,,,,,,,,,,,,,,,,
gst-nCP0xU7QnsD90YC,Woohyuk Kang,Woohyuk,Kang,massis.kang@htpeo.com,,2026-08-07T18:46:03.802Z,invited,,,,,,,,,,,,,,,,https://luma.com/check-in/evt-g2MHPzFAwzYN3zX?pk=g-PtMYezmOnAS2Ns3,,,,,,,,,,,,,,,,,,,,,,,
gst-n7QyXSeA5GJmzPj,Kumhee Kim,Kumhee,Kim,kumheerealtor@gmail.com,,2026-08-07T18:46:03.802Z,invited,,,,,,,,,,,,,,,,https://luma.com/check-in/evt-g2MHPzFAwzYN3zX?pk=g-VcEqysdoUuX02ud,,,,,,,,,,,,,,,,,,,,,,,
gst-mq1ZpvMQaXIgIZP,"Benjamin Reilman ",Benjamin,Reilman,benjaminreilman@gmail.com,,2026-08-07T18:46:03.802Z,invited,,,,,,,,,,,,,,,,https://luma.com/check-in/evt-g2MHPzFAwzYN3zX?pk=g-MUwBimxPgdAtHtr,,,,,,,,,,,,,,,,,,,,,,,
gst-ltNwlv1WOYnsB4M,Eric Oh,Eric,Oh,eric.oh@lge.com,,2026-08-07T18:46:03.802Z,invited,,,,,,,,,,,,,,,,https://luma.com/check-in/evt-g2MHPzFAwzYN3zX?pk=g-ztDRJZ1gr0hIWbU,,,,,,,,,,,,,,,,,,,,,,,
gst-ljpvgiMRG0kHdez,Sue Jeong,Sue,Jeong,suyeonbc@gmail.com,,2026-08-07T18:46:03.802Z,invited,,,,,,,,,,,,,,,,https://luma.com/check-in/evt-g2MHPzFAwzYN3zX?pk=g-GNUeAlEA6b5zLGB,,,,,,,,,,,,,,,,,,,,,,,
gst-lSLBFCHKeEPg3JU,Dongkyun Kim,Dongkyun,Kim,dkim@valleyinnovationpartners.com,,2026-08-07T18:46:03.802Z,invited,,,,,,,,,,,,,,,,https://luma.com/check-in/evt-g2MHPzFAwzYN3zX?pk=g-dvNtzArMMglkYWM,,,,,,,,,,,,,,,,,,,,,,,
gst-kv5r9Twft8f92hl,MINHO JUNG,민호,정,mino@viewlingo.com,,2026-08-07T18:46:03.802Z,invited,,,,,,,,,,,,,,,,https://luma.com/check-in/evt-g2MHPzFAwzYN3zX?pk=g-igoeZDrbMxKhC8b,,,,,,,,,,,,,,,,,,,,,,,
gst-jew9q1TQ6tKcL7b,Wan Rim,Wan,Rim,wanrim@gmail.com,,2026-08-07T18:46:03.802Z,invited,,,,,,,,,,,,,,,,https://luma.com/check-in/evt-g2MHPzFAwzYN3zX?pk=g-b2GqPlhuQ1y1Bvu,,,,,,,,,,,,,,,,,,,,,,,
gst-jd7GbOyzeZ0ZSeF,Jaehyeok Bae,Jaehyeok,Bae,jhbae110@stanford.edu,,2026-08-07T18:46:03.802Z,invited,,,,,,,,,,,,,,,,https://luma.com/check-in/evt-g2MHPzFAwzYN3zX?pk=g-c9tqajB2P2wMR3x,,,,,,,,,,,,,,,,,,,,,,,
gst-jHKOGIg5rmgYYNh,Andrew Lee,Andrew,Lee,namwook0921@berkeley.edu,,2026-08-07T18:46:03.802Z,invited,,,,,,,,,,,,,,,,https://luma.com/check-in/evt-g2MHPzFAwzYN3zX?pk=g-EbWs6GMGxtrHMd2,,,,,,,,,,,,,,,,,,,,,,,
gst-ix2wpeaUHiQkj9y,박세빈,세빈,박,tpqls774@dgsw.hs.kr,,2026-08-07T18:46:03.802Z,invited,,,,,,,,,,,,,,,,https://luma.com/check-in/evt-g2MHPzFAwzYN3zX?pk=g-RSxdv4tdeeK8Nhb,,,,,,,,,,,,,,,,,,,,,,,
gst-ib1MfE7S59nysvM,Lotus Wu,Lotus,Wu,lotusw@uw.edu,,2026-08-07T18:46:03.802Z,invited,,,,,,,,,,,,,,,,https://luma.com/check-in/evt-g2MHPzFAwzYN3zX?pk=g-xc2fCUFM7j6pdHt,,,,,,,,,,,,,,,,,,,,,,,
gst-iUiU3P8p1lH6UXl,Jeonghye Yu,Jeonghye,Yu,jeonghyeyu96@gmail.com,,2026-08-07T18:46:03.802Z,invited,,,,,,,,,,,,,,,,https://luma.com/check-in/evt-g2MHPzFAwzYN3zX?pk=g-reUfZGXyLqcQvxY,,,,,,,,,,,,,,,,,,,,,,,
gst-iPx0G6XOoykV0dz,HyunJung Yu,HyunJung,Yu,hjyu@berkeley.edu,,2026-08-07T18:46:03.802Z,invited,,,,,,,,,,,,,,,,https://luma.com/check-in/evt-g2MHPzFAwzYN3zX?pk=g-byydcCWD6ngWHTF,,,,,,,,,,,,,,,,,,,,,,,
gst-i7rdfEI9Qm5Fe6l,노상록,상록,노,eric.roh71@gmail.com,,2026-08-07T18:46:03.802Z,invited,,,,,,,,,,,,,,,,https://luma.com/check-in/evt-g2MHPzFAwzYN3zX?pk=g-5ZC7IZmzHCFjd8J,,,,,,,,,,,,,,,,,,,,,,,
gst-hiCAgpKxSGNlvol,Jay Lee,Jay,Lee,kacc.jlee@gmail.com,,2026-08-07T18:46:03.802Z,invited,,,,,,,,,,,,,,,,https://luma.com/check-in/evt-g2MHPzFAwzYN3zX?pk=g-EshRyGL6lYNXJhm,,,,,,,,,,,,,,,,,,,,,,,
gst-hZuAYLCXtmjheNB,Kevin Choi,Kevin,Choi,kevinschoi0214@gmail.com,,2026-08-07T18:46:03.802Z,invited,,,,,,,,,,,,,,,,https://luma.com/check-in/evt-g2MHPzFAwzYN3zX?pk=g-18XZ2X2u5Narzkh,,,,,,,,,,,,,,,,,,,,,,,
gst-hWaLxyhx3doMhum,Taemin Kim,Taemin,Kim,luminans@gmail.com,,2026-08-07T18:46:03.802Z,invited,,,,,,,,,,,,,,,,https://luma.com/check-in/evt-g2MHPzFAwzYN3zX?pk=g-C7OF8FV8Yva0IGI,,,,,,,,,,,,,,,,,,,,,,,
gst-h7nz8EC3d4mEdqc,Austin Willson,Austin,Willson,au.sc.willson@gmail.com,,2026-08-07T18:46:03.802Z,invited,,,,,,,,,,,,,,,,https://luma.com/check-in/evt-g2MHPzFAwzYN3zX?pk=g-S3ACC7kyG8H34jC,,,,,,,,,,,,,,,,,,,,,,,
gst-gqgPi8CE9YxZQ6K,Choeun Kim,Choeun,Kim,choekim@stanford.edu,,2026-08-07T18:46:03.802Z,invited,,,,,,,,,,,,,,,,https://luma.com/check-in/evt-g2MHPzFAwzYN3zX?pk=g-x4l8vIPqx6rltIA,,,,,,,,,,,,,,,,,,,,,,,
gst-gcD63SpPzkPO4qp,Jaihoon Kim,Jaihoon,kim,jh27kim@kaist.ac.kr,,2026-08-07T18:46:03.802Z,invited,,,,,,,,,,,,,,,,https://luma.com/check-in/evt-g2MHPzFAwzYN3zX?pk=g-YHTB6rVDyRgkhPA,,,,,,,,,,,,,,,,,,,,,,,
gst-gJAMlsfI95JesoK,홍예찬,예찬,홍,kiwichan1024@gmail.com,,2026-08-07T18:46:03.802Z,invited,,,,,,,,,,,,,,,,https://luma.com/check-in/evt-g2MHPzFAwzYN3zX?pk=g-BLzbCp0nCXTAMJi,,,,,,,,,,,,,,,,,,,,,,,
gst-gGX7klAjUHNrReq,이혜성,혜성,이,hslee0329@cau.ac.kr,,2026-08-07T18:46:03.802Z,invited,,,,,,,,,,,,,,,,https://luma.com/check-in/evt-g2MHPzFAwzYN3zX?pk=g-en5l3M2arLhN3P4,,,,,,,,,,,,,,,,,,,,,,,
gst-fie1KrRjTokkd9t,Geonhee Lee,Geonhee,Lee,geon@stanford.edu,,2026-08-07T18:46:03.802Z,invited,,,,,,,,,,,,,,,,https://luma.com/check-in/evt-g2MHPzFAwzYN3zX?pk=g-P9ul3v1EQOzY37S,,,,,,,,,,,,,,,,,,,,,,,
gst-fWRb1DGX91MbdvC,Sydney Littrell,Sydney,Littrell,snlittrell@gmail.com,,2026-08-07T18:46:03.802Z,invited,,,,,,,,,,,,,,,,https://luma.com/check-in/evt-g2MHPzFAwzYN3zX?pk=g-mtYaZebpTJw4GJy,,,,,,,,,,,,,,,,,,,,,,,
gst-fUc4JoJgTZlLl5h,Jongeun Ha,Jongeun,Ha,jongeun.ha@viewlingo.com,,2026-08-07T18:46:03.802Z,invited,,,,,,,,,,,,,,,,https://luma.com/check-in/evt-g2MHPzFAwzYN3zX?pk=g-ECSXbyXbbNPecPl,,,,,,,,,,,,,,,,,,,,,,,
gst-fDw9sxDANIVf3k9,Chanik Park,Chanik,Park,happyikas@gmail.com,,2026-08-07T18:46:03.802Z,invited,,,,,,,,,,,,,,,,https://luma.com/check-in/evt-g2MHPzFAwzYN3zX?pk=g-HVzZ6HEFR29RUvJ,,,,,,,,,,,,,,,,,,,,,,,
gst-elNKL6ktNa88OZA,Yeon Mi Hwang,Yeon Mi,Hwang,ymh@stanford.edu,,2026-08-07T18:46:03.802Z,invited,,,,,,,,,,,,,,,,https://luma.com/check-in/evt-g2MHPzFAwzYN3zX?pk=g-XVtBVu2ZBGgzm26,,,,,,,,,,,,,,,,,,,,,,,
gst-ekgmtkeHWj3iQSk,Jiyoon Kim,,,jiyoon.kim1@kellogg.northwestern.edu,,2026-08-07T18:46:03.802Z,invited,,,,,,,,,,,,,,,,https://luma.com/check-in/evt-g2MHPzFAwzYN3zX?pk=g-hDQHLfvFoDdsGeC,,,,,,,,,,,,,,,,,,,,,,,
gst-eSlAIt8KV9jlkrK,Hannah Park,Hannah,Park,kkopsari12@gmail.com,,2026-08-07T18:46:03.802Z,invited,,,,,,,,,,,,,,,,https://luma.com/check-in/evt-g2MHPzFAwzYN3zX?pk=g-ZIVgJl2DGCZURwn,,,,,,,,,,,,,,,,,,,,,,,
gst-e9vr1wUmuv9JFFK,Kyu Hwan Choi,Kyu Hwan,Choi,kyuchoi@stanford.edu,,2026-08-07T18:46:03.802Z,invited,,,,,,,,,,,,,,,,https://luma.com/check-in/evt-g2MHPzFAwzYN3zX?pk=g-JKlZkh1rvYZkRRz,,,,,,,,,,,,,,,,,,,,,,,
gst-e5ykGWNzVFymQfu,Jihye Kim,Jihye,Kim,jihye.jkim@gmail.com,,2026-08-07T18:46:03.802Z,invited,,,,,,,,,,,,,,,,https://luma.com/check-in/evt-g2MHPzFAwzYN3zX?pk=g-alQLddTDgtLiIp1,,,,,,,,,,,,,,,,,,,,,,,
gst-diYGd4XrChYOcRD,Jie Hyun Lee,Jie Hyun,Lee,jhlee@etri.re.kr,,2026-08-07T18:46:03.802Z,invited,,,,,,,,,,,,,,,,https://luma.com/check-in/evt-g2MHPzFAwzYN3zX?pk=g-vJg3BiChAQq4f50,,,,,,,,,,,,,,,,,,,,,,,
gst-dAwV3mK5fflzTGO,Sophia Kim,Sophia,Kim,skim23@stanford.edu,,2026-08-07T18:46:03.802Z,invited,,,,,,,,,,,,,,,,https://luma.com/check-in/evt-g2MHPzFAwzYN3zX?pk=g-sd61Vr1sCg0R0cV,,,,,,,,,,,,,,,,,,,,,,,
gst-c2NYIlKkJQCrAeK,Guhyung Kwon,Guhyung,Kwon,hiro90@gmail.com,,2026-08-07T18:46:03.802Z,invited,,,,,,,,,,,,,,,,https://luma.com/check-in/evt-g2MHPzFAwzYN3zX?pk=g-mecOtHXhacZfmvc,,,,,,,,,,,,,,,,,,,,,,,
gst-bluSoEJQfgDBNDj,Bobby Lee,Bobby,Lee,bobbyleeresume@gmail.com,,2026-08-07T18:46:03.802Z,invited,,,,,,,,,,,,,,,,https://luma.com/check-in/evt-g2MHPzFAwzYN3zX?pk=g-cAkUZEeIFhSXi46,,,,,,,,,,,,,,,,,,,,,,,
gst-bHIDugTTQdFhOyU,Sangjune Kim,Sangjune,Kim,sjkim00@stanford.edu,,2026-08-07T18:46:03.802Z,invited,,,,,,,,,,,,,,,,https://luma.com/check-in/evt-g2MHPzFAwzYN3zX?pk=g-eiwBqpzy0f6xrDs,,,,,,,,,,,,,,,,,,,,,,,
gst-aeG80KSoDCMG7Vo,Ethan Park,Ethan,Park,ethanpark@inference.ai,,2026-08-07T18:46:03.802Z,invited,,,,,,,,,,,,,,,,https://luma.com/check-in/evt-g2MHPzFAwzYN3zX?pk=g-P8TQIXv9rTZ2EuA,,,,,,,,,,,,,,,,,,,,,,,
gst-aNiu3npGlY7T3ye,Kay,Kay,H,hibeacon@gmail.com,,2026-08-07T18:46:03.802Z,invited,,,,,,,,,,,,,,,,https://luma.com/check-in/evt-g2MHPzFAwzYN3zX?pk=g-xYzs0D5UD9qtFJu,,,,,,,,,,,,,,,,,,,,,,,
gst-aEudZgDLvdffStk,Hansol,Hansol,,jrjrjrjr4@icloud.com,,2026-08-07T18:46:03.802Z,invited,,,,,,,,,,,,,,,,https://luma.com/check-in/evt-g2MHPzFAwzYN3zX?pk=g-DuF1qnBUf7dxNfD,,,,,,,,,,,,,,,,,,,,,,,
gst-a1kExAwCgdA3L2p,Goonho Park,Goonho,Park,neuropa@pathobrainseq.com,,2026-08-07T18:46:03.802Z,invited,,,,,,,,,,,,,,,,https://luma.com/check-in/evt-g2MHPzFAwzYN3zX?pk=g-csWhsLCl4HH26m3,,,,,,,,,,,,,,,,,,,,,,,
gst-ZwaGMogcg6GeVG5,YONGWOO JO,Yongwoo,Jo,jyw77777@gmail.com,,2026-08-07T18:46:03.802Z,invited,,,,,,,,,,,,,,,,https://luma.com/check-in/evt-g2MHPzFAwzYN3zX?pk=g-dXzSUgImFRfOW1g,,,,,,,,,,,,,,,,,,,,,,,
gst-ZUdEZhcZcA3KeYU,Hyein Kim,Hyein,Kim,hanny1126@taejae.ac.kr,,2026-08-07T18:46:03.802Z,invited,,,,,,,,,,,,,,,,https://luma.com/check-in/evt-g2MHPzFAwzYN3zX?pk=g-6dB5UrnVFCdnWLB,,,,,,,,,,,,,,,,,,,,,,,
gst-ZEqHd2qgPxtvgkh,Soh Kim,Soh,Kim,sohkim@stanford.edu,,2026-08-07T18:46:03.802Z,invited,,,,,,,,,,,,,,,,https://luma.com/check-in/evt-g2MHPzFAwzYN3zX?pk=g-cTuvwezMI1IsTX8,,,,,,,,,,,,,,,,,,,,,,,
gst-YwjszUF1ugy7zzW,Nate,Nate,Yi,holla@nateyi.com,,2026-08-07T18:46:03.802Z,invited,,,,,,,,,,,,,,,,https://luma.com/check-in/evt-g2MHPzFAwzYN3zX?pk=g-0HGnoDNHeChgwWn,,,,,,,,,,,,,,,,,,,,,,,
gst-Yi0HUUl7z7FWohv,Shulang,Shulang,,shulang070811@gmail.com,,2026-08-07T18:46:03.802Z,invited,,,,,,,,,,,,,,,,https://luma.com/check-in/evt-g2MHPzFAwzYN3zX?pk=g-T3DHLpMtjdDfBZ5,,,,,,,,,,,,,,,,,,,,,,,
gst-YTOhWpqENqw0dme,Minha Hwang,Minha,Hwang,minha@alum.mit.edu,,2026-08-07T18:46:03.802Z,invited,,,,,,,,,,,,,,,,https://luma.com/check-in/evt-g2MHPzFAwzYN3zX?pk=g-uXEQeG7WPvTXHt4,,,,,,,,,,,,,,,,,,,,,,,
gst-YSDixcUcS22mcSy,Hannah Heejeong Lim,,,hjeong.lim@gmail.com,,2026-08-07T18:46:03.802Z,invited,,,,,,,,,,,,,,,,https://luma.com/check-in/evt-g2MHPzFAwzYN3zX?pk=g-L1n2UgOjE7OIyWd,,,,,,,,,,,,,,,,,,,,,,,
gst-YBTNXbmIY8uc693,Andy_YW Ha,Andy,Ha,ywha.p2o@gmail.com,,2026-08-07T18:46:03.802Z,invited,,,,,,,,,,,,,,,,https://luma.com/check-in/evt-g2MHPzFAwzYN3zX?pk=g-yQlpC9AKU3dIGEu,,,,,,,,,,,,,,,,,,,,,,,
gst-XucqTk1EiBf2J8K,Mark Lin,Mark,Lin,nlin@mkwycloud.com,,2026-08-07T18:46:03.802Z,invited,,,,,,,,,,,,,,,,https://luma.com/check-in/evt-g2MHPzFAwzYN3zX?pk=g-Az2EeXhjegEgwzA,,,,,,,,,,,,,,,,,,,,,,,
gst-XixGdfhCobzjEFH,Eunjee,EunJee,Choi,eunjeechoi99@gmail.com,,2026-08-07T18:46:03.802Z,invited,,,,,,,,,,,,,,,,https://luma.com/check-in/evt-g2MHPzFAwzYN3zX?pk=g-ntxxE0hmOD4ZlKS,,,,,,,,,,,,,,,,,,,,,,,
gst-XHGmpbXaI6gqHH7,JANGUK HWANG,Janguk,Hwang,jangukhwang.project@gmail.com,,2026-08-07T18:46:03.802Z,invited,,,,,,,,,,,,,,,,https://luma.com/check-in/evt-g2MHPzFAwzYN3zX?pk=g-iPHCEcXpspKytXF,,,,,,,,,,,,,,,,,,,,,,,
gst-WwYHRDdH95D5EZD,Jae Wi,Jae,Wi,eudemoniams@gmail.com,,2026-08-07T18:46:03.802Z,invited,,,,,,,,,,,,,,,,https://luma.com/check-in/evt-g2MHPzFAwzYN3zX?pk=g-pBTo9jyHo3hLmAB,,,,,,,,,,,,,,,,,,,,,,,
gst-WI4ixFWZduPEm75,Thyaga Nandagopal,Thyaga,Nandagopal,t.nandagopal@samsung.com,,2026-08-07T18:46:03.802Z,invited,,,,,,,,,,,,,,,,https://luma.com/check-in/evt-g2MHPzFAwzYN3zX?pk=g-AVDCxK9KPjBRKdw,,,,,,,,,,,,,,,,,,,,,,,
gst-W82xCYfxz6Q0cfO,Jinhee Chang,Jinhee,Chang,jhchang73@naver.com,,2026-08-07T18:46:03.802Z,invited,,,,,,,,,,,,,,,,https://luma.com/check-in/evt-g2MHPzFAwzYN3zX?pk=g-VGsvajvztyw7abJ,,,,,,,,,,,,,,,,,,,,,,,
gst-V2RJngefBJbPkj8,Eunji Kwak,Eunji,Kwak,eunjikwak2@gmail.com,,2026-08-07T18:46:03.802Z,invited,,,,,,,,,,,,,,,,https://luma.com/check-in/evt-g2MHPzFAwzYN3zX?pk=g-bVTqEzyFv0QrCVS,,,,,,,,,,,,,,,,,,,,,,,
gst-UxniUbjHJ8wHmzu,Sungjoon Nam,Sungjoon,Nam,sungjoon@gocodebook.com,,2026-08-07T18:46:03.802Z,invited,,,,,,,,,,,,,,,,https://luma.com/check-in/evt-g2MHPzFAwzYN3zX?pk=g-XNCHyd6yNkThZdF,,,,,,,,,,,,,,,,,,,,,,,
gst-UN8mleC3ZTULrxL,Jimin Lee,Jimin,Lee,su_in0907@naver.com,,2026-08-07T18:46:03.802Z,invited,,,,,,,,,,,,,,,,https://luma.com/check-in/evt-g2MHPzFAwzYN3zX?pk=g-Ds0Bvmc7Zw2x0x0,,,,,,,,,,,,,,,,,,,,,,,
gst-U1BWJDY8SFZ73uP,Christie,Christie,,chrunji11@gmail.com,,2026-08-07T18:46:03.802Z,invited,,,,,,,,,,,,,,,,https://luma.com/check-in/evt-g2MHPzFAwzYN3zX?pk=g-dEG68iURP8ek005,,,,,,,,,,,,,,,,,,,,,,,
gst-TNcAXlMXbbhJHQg,Ruoxi An,Ruoxi,An,ruoxian@stanford.edu,,2026-08-07T18:46:03.802Z,invited,,,,,,,,,,,,,,,,https://luma.com/check-in/evt-g2MHPzFAwzYN3zX?pk=g-EJgiD9qSOyNmigF,,,,,,,,,,,,,,,,,,,,,,,
gst-TEXYBhKoanBWCqj,In Sung Cho,In Sung,Cho,ischo@kitech.re.kr,,2026-08-07T18:46:03.802Z,invited,,,,,,,,,,,,,,,,https://luma.com/check-in/evt-g2MHPzFAwzYN3zX?pk=g-n8KvIdcNyDqhEVS,,,,,,,,,,,,,,,,,,,,,,,
gst-TCCYwdme55w5yHR,Alexandra Baldessari,Alexandra,Baldessari,alexycscs@outlook.com,,2026-08-07T18:46:03.802Z,invited,,,,,,,,,,,,,,,,https://luma.com/check-in/evt-g2MHPzFAwzYN3zX?pk=g-piTo3BUiAHQMIWP,,,,,,,,,,,,,,,,,,,,,,,
gst-T3hAHjzHFYp870Q,신예원,예원,신,syw1015@taejae.ac.kr,,2026-08-07T18:46:03.802Z,invited,,,,,,,,,,,,,,,,https://luma.com/check-in/evt-g2MHPzFAwzYN3zX?pk=g-Ec1B8AxPgUrWfBm,,,,,,,,,,,,,,,,,,,,,,,
gst-SkCNzMFdny76er2,Rahul Rana,Rahul,Rana,rahulrana03@hotmail.com,,2026-08-07T18:46:03.802Z,invited,,,,,,,,,,,,,,,,https://luma.com/check-in/evt-g2MHPzFAwzYN3zX?pk=g-D2pUeSBtMcTHSfF,,,,,,,,,,,,,,,,,,,,,,,
gst-ScpyiOtZQVXqaZH,Marcin,Marcin,Michalak,marcin@agentx.so,,2026-08-07T18:46:03.802Z,invited,,,,,,,,,,,,,,,,https://luma.com/check-in/evt-g2MHPzFAwzYN3zX?pk=g-yNfxUKhNGG0lHB7,,,,,,,,,,,,,,,,,,,,,,,
gst-SZf9e8AP4Nc8qf1,Kyungtae Kim,Kyungtae,Kim,ryanktkim@gmail.com,,2026-08-07T18:46:03.802Z,invited,,,,,,,,,,,,,,,,https://luma.com/check-in/evt-g2MHPzFAwzYN3zX?pk=g-kqdPlyX4CRYW6Es,,,,,,,,,,,,,,,,,,,,,,,
gst-SKPk7d9VhsJ27Lq,Wongyung Choi,,,woncho@uni.minerva.edu,,2026-08-07T18:46:03.802Z,invited,,,,,,,,,,,,,,,,https://luma.com/check-in/evt-g2MHPzFAwzYN3zX?pk=g-PpBLKxNgxootcxG,,,,,,,,,,,,,,,,,,,,,,,
gst-RGIlKGL2szWk1S0,Beth Yun,Beth,Yun,beth.yun0410@gmail.com,,2026-08-07T18:46:03.802Z,invited,,,,,,,,,,,,,,,,https://luma.com/check-in/evt-g2MHPzFAwzYN3zX?pk=g-QsPmEKk6hdxYkwY,,,,,,,,,,,,,,,,,,,,,,,
gst-Qw0nEIrYxyRqCu3,Sue Kim,Sue,Kim,suekiminsj@gmail.com,,2026-08-07T18:46:03.802Z,invited,,,,,,,,,,,,,,,,https://luma.com/check-in/evt-g2MHPzFAwzYN3zX?pk=g-S3H0CfuxNBpqVfH,,,,,,,,,,,,,,,,,,,,,,,
gst-Qt4WJUB9KOyQUHO,Minjee Kim,Minjee,Kim,kimminjee1128@gmail.com,,2026-08-07T18:46:03.802Z,invited,,,,,,,,,,,,,,,,https://luma.com/check-in/evt-g2MHPzFAwzYN3zX?pk=g-iXPaq4N8lOYdPID,,,,,,,,,,,,,,,,,,,,,,,
gst-QbEmZG5ZEsMhQxL,Julia yi,Joohyeun,Yi,yijoohyeun@gmail.com,,2026-08-07T18:46:03.802Z,invited,,,,,,,,,,,,,,,,https://luma.com/check-in/evt-g2MHPzFAwzYN3zX?pk=g-DKDAJcaP1i2yq8F,,,,,,,,,,,,,,,,,,,,,,,
gst-QZM7fCxiPluAvLl,Helen Pak,Helen,Pak,helenpak0528@gmail.com,,2026-08-07T18:46:03.802Z,invited,,,,,,,,,,,,,,,,https://luma.com/check-in/evt-g2MHPzFAwzYN3zX?pk=g-mqRoPIpyU3uzOGF,,,,,,,,,,,,,,,,,,,,,,,
gst-QErDhEMLM3pE91W,장유진,유진,장,chyoojinch@naver.com,,2026-08-07T18:46:03.802Z,invited,,,,,,,,,,,,,,,,https://luma.com/check-in/evt-g2MHPzFAwzYN3zX?pk=g-eLc5DGS5zSW2sAN,,,,,,,,,,,,,,,,,,,,,,,
gst-PqwiGgLaYBah8aY,Chaeyoon Yoo,Chaeyoon,Yoo,cyyoo92@gmail.com,,2026-08-07T18:46:03.802Z,invited,,,,,,,,,,,,,,,,https://luma.com/check-in/evt-g2MHPzFAwzYN3zX?pk=g-lqthWZym7NcSapq,,,,,,,,,,,,,,,,,,,,,,,
gst-Pc5lLJGZF74ocle,Sang-Min Lee,Sang-Min,Lee,smlus@yahoo.com,,2026-08-07T18:46:03.802Z,invited,,,,,,,,,,,,,,,,https://luma.com/check-in/evt-g2MHPzFAwzYN3zX?pk=g-sTnDSiBfle4GP8b,,,,,,,,,,,,,,,,,,,,,,,
gst-POWo9IGlmB7N4fN,Soon Kim,Soon,Kim,soonkim@eqbr.com,,2026-08-07T18:46:03.802Z,invited,,,,,,,,,,,,,,,,https://luma.com/check-in/evt-g2MHPzFAwzYN3zX?pk=g-VIiaXPtLiaSBhP5,,,,,,,,,,,,,,,,,,,,,,,
gst-POOwjDm65SJ6pln,Jimmy Choi,JangYoung,Choi,jimmy1020119@khu.ac.kr,,2026-08-07T18:46:03.802Z,invited,,,,,,,,,,,,,,,,https://luma.com/check-in/evt-g2MHPzFAwzYN3zX?pk=g-RcTAIcqTLnm5Jw4,,,,,,,,,,,,,,,,,,,,,,,
gst-PK2medBoPBazri1,Jeff Kim,Jeff,Kim,eunkeekim@gmail.com,,2026-08-07T18:46:03.802Z,invited,,,,,,,,,,,,,,,,https://luma.com/check-in/evt-g2MHPzFAwzYN3zX?pk=g-YE0UskAm9XSQEQO,,,,,,,,,,,,,,,,,,,,,,,
gst-OShiknw0D3TyuPZ,Jiyul Hong,Jiyul,Hong,m45a1@dgsw.hs.kr,,2026-08-07T18:46:03.802Z,invited,,,,,,,,,,,,,,,,https://luma.com/check-in/evt-g2MHPzFAwzYN3zX?pk=g-01jZjsH9a5Qe8hM,,,,,,,,,,,,,,,,,,,,,,,
gst-OOEw05JC6GqAWG1,Jason Lim,Jason,Lim,jason@jasonlim.net,,2026-08-07T18:46:03.802Z,invited,,,,,,,,,,,,,,,,https://luma.com/check-in/evt-g2MHPzFAwzYN3zX?pk=g-w4HrM1EjXqB9Zyf,,,,,,,,,,,,,,,,,,,,,,,
gst-OAYhlPiTQpZA0Dy,John Wu,John,Wu,john.wu@fullgallop.me,,2026-08-07T18:46:03.802Z,invited,,,,,,,,,,,,,,,,https://luma.com/check-in/evt-g2MHPzFAwzYN3zX?pk=g-rD1iloHmsXN2uHx,,,,,,,,,,,,,,,,,,,,,,,
gst-NxdQQE5Waj9hOmv,Ik-Jung Kim,Ik-Jung,Kim,ikjung@myriadlabs.bio,,2026-08-07T18:46:03.802Z,invited,,,,,,,,,,,,,,,,https://luma.com/check-in/evt-g2MHPzFAwzYN3zX?pk=g-rlYA9lXcfqP8p7D,,,,,,,,,,,,,,,,,,,,,,,
gst-MvfFg3qi10HEx36,Kenneth,Kenneth,,kenny@offersquirrel.com,,2026-08-07T18:46:03.802Z,invited,,,,,,,,,,,,,,,,https://luma.com/check-in/evt-g2MHPzFAwzYN3zX?pk=g-NMw8ASqbPCwUORx,,,,,,,,,,,,,,,,,,,,,,,
gst-MrCKUvWBmLtMGLq,June,June,Jeon,jyunejeon@gmail.com,,2026-08-07T18:46:03.802Z,invited,,,,,,,,,,,,,,,,https://luma.com/check-in/evt-g2MHPzFAwzYN3zX?pk=g-h8PTOxP7EsTSP8s,,,,,,,,,,,,,,,,,,,,,,,
gst-MkrFzz2YcsEtqC1,Kyaw Za Zaw,Kyaw Za,Zaw,mgkyawzazaw@gmail.com,,2026-08-07T18:46:03.802Z,invited,,,,,,,,,,,,,,,,https://luma.com/check-in/evt-g2MHPzFAwzYN3zX?pk=g-EviylspIsrgeEZf,,,,,,,,,,,,,,,,,,,,,,,
gst-MDfDYRscjwQz7ch,Evan Jang,Evan,Jang,yj0831.jang@gmail.com,,2026-08-07T18:46:03.802Z,invited,,,,,,,,,,,,,,,,https://luma.com/check-in/evt-g2MHPzFAwzYN3zX?pk=g-M6XgLgP0tCgnAkQ,,,,,,,,,,,,,,,,,,,,,,,
gst-M33iOBExouTrhHg,Sang Su Lee,,,magnusyi@gmail.com,,2026-08-07T18:46:03.802Z,invited,,,,,,,,,,,,,,,,https://luma.com/check-in/evt-g2MHPzFAwzYN3zX?pk=g-Xgpqr1VUdi3Czsl,,,,,,,,,,,,,,,,,,,,,,,
gst-LgEMsBCFa6Ji8B6,Saddiq Jeelani,Saddiq,Jeelani,saddiq.jeelani@gmail.com,,2026-08-07T18:46:03.802Z,invited,,,,,,,,,,,,,,,,https://luma.com/check-in/evt-g2MHPzFAwzYN3zX?pk=g-CFPCHl67bXuIEYJ,,,,,,,,,,,,,,,,,,,,,,,
gst-LKeoFZeDFjA0Ut6,OhKyu Yoon,OhKyu,Yoon,ohkyu.yoon@gilead.com,,2026-08-07T18:46:03.802Z,invited,,,,,,,,,,,,,,,,https://luma.com/check-in/evt-g2MHPzFAwzYN3zX?pk=g-CMjroNT3tdw1mb6,,,,,,,,,,,,,,,,,,,,,,,
gst-KtLF4JygbQdDHgB,Jiseon Roh,Jiseon,Roh,rohj158@stanford.edu,,2026-08-07T18:46:03.802Z,invited,,,,,,,,,,,,,,,,https://luma.com/check-in/evt-g2MHPzFAwzYN3zX?pk=g-XDCSF5HHf2XnBON,,,,,,,,,,,,,,,,,,,,,,,
gst-Kl6LwfFOOpIrNB0,Chulwoo lee,Chulwoo,Lee,ironiar@gmail.com,,2026-08-07T18:46:03.802Z,invited,,,,,,,,,,,,,,,,https://luma.com/check-in/evt-g2MHPzFAwzYN3zX?pk=g-EyDCt5L32jZalhv,,,,,,,,,,,,,,,,,,,,,,,
gst-KaKPvGqn0OOUUNN,Krish Paul,Krish,Paul,krish.paul24@gmail.com,,2026-08-07T18:46:03.802Z,invited,,,,,,,,,,,,,,,,https://luma.com/check-in/evt-g2MHPzFAwzYN3zX?pk=g-xZtDqwEGnaGd6qj,,,,,,,,,,,,,,,,,,,,,,,
gst-KLMTvb7P1WwSVmB,Kevin T. Shin,Kevin,Shin,sundance14@gmail.com,,2026-08-07T18:46:03.802Z,invited,,,,,,,,,,,,,,,,https://luma.com/check-in/evt-g2MHPzFAwzYN3zX?pk=g-Oca1VcsIYePnh3N,,,,,,,,,,,,,,,,,,,,,,,
gst-KHsyKeTBIN6c4Ll,Jake,Jake,Park,jake@arkitektinvest.com,,2026-08-07T18:46:03.802Z,invited,,,,,,,,,,,,,,,,https://luma.com/check-in/evt-g2MHPzFAwzYN3zX?pk=g-AbNeCBusX6WgK71,,,,,,,,,,,,,,,,,,,,,,,
gst-KATnpYgXLNUtW47,ChoiYunHee,YunHee,Choi,choiyunhee0617@gmail.com,,2026-08-07T18:46:03.802Z,invited,,,,,,,,,,,,,,,,https://luma.com/check-in/evt-g2MHPzFAwzYN3zX?pk=g-5dtgxHd5Mm4pwtd,,,,,,,,,,,,,,,,,,,,,,,
gst-K6BmWwAdHKDavXF,김두환,두환,김,dhkim@dmillions.co.kr,,2026-08-07T18:46:03.802Z,invited,,,,,,,,,,,,,,,,https://luma.com/check-in/evt-g2MHPzFAwzYN3zX?pk=g-u8JcPFTXU7VTysP,,,,,,,,,,,,,,,,,,,,,,,
gst-JuK6c2lfbmsREnA,Eun Hee Koo,Eun Hee,Koo,drkoo@klacf.org,,2026-08-07T18:46:03.802Z,invited,,,,,,,,,,,,,,,,https://luma.com/check-in/evt-g2MHPzFAwzYN3zX?pk=g-kzkUyIZPn53rSne,,,,,,,,,,,,,,,,,,,,,,,
gst-Jg0TVDJjVhOza1C,Robert H Lee,Robert,Lee,rlee@codex.stanford.edu,,2026-08-07T18:46:03.802Z,invited,,,,,,,,,,,,,,,,https://luma.com/check-in/evt-g2MHPzFAwzYN3zX?pk=g-oMZzjffesYr6ly8,,,,,,,,,,,,,,,,,,,,,,,
gst-JbpQfdk8AKAGb9j,Praveen Kumar Sah,Praveen Kumar,Sah,tgqbmzkxt5@privaterelay.appleid.com,,2026-08-07T18:46:03.802Z,invited,,,,,,,,,,,,,,,,https://luma.com/check-in/evt-g2MHPzFAwzYN3zX?pk=g-VagWJqIC3xFPt6m,,,,,,,,,,,,,,,,,,,,,,,
gst-JUVKcanAZrh4BMB,JINHEE LEE,Jinhee,Lee,jinhlee@stanford.edu,,2026-08-07T18:46:03.802Z,invited,,,,,,,,,,,,,,,,https://luma.com/check-in/evt-g2MHPzFAwzYN3zX?pk=g-pIsuEA7J8aiL7Do,,,,,,,,,,,,,,,,,,,,,,,
gst-IvfOUFFGB3V3daP,gene kim,Gene,Kim,gene6118@gmail.com,,2026-08-07T18:46:03.802Z,invited,,,,,,,,,,,,,,,,https://luma.com/check-in/evt-g2MHPzFAwzYN3zX?pk=g-nY9i3GFEMngrC1Q,,,,,,,,,,,,,,,,,,,,,,,
gst-ICEkhAzEf4yd4dn,전민오,민오,전,minodevs@gmail.com,,2026-08-07T18:46:03.802Z,invited,,,,,,,,,,,,,,,,https://luma.com/check-in/evt-g2MHPzFAwzYN3zX?pk=g-18rJhDZl28MSv6J,,,,,,,,,,,,,,,,,,,,,,,
gst-Hvw5WxnxnJDQ30r,Seohyeon Kang,Seohyeon,Kang,kangsh579@naver.com,,2026-08-07T18:46:03.802Z,invited,,,,,,,,,,,,,,,,https://luma.com/check-in/evt-g2MHPzFAwzYN3zX?pk=g-UWTcqfAdzJDuDqZ,,,,,,,,,,,,,,,,,,,,,,,
gst-HGcDOpLx04grEzX,Valerie Grau,Valerie,Grau,gvalerie831@gmail.com,,2026-08-07T18:46:03.802Z,invited,,,,,,,,,,,,,,,,https://luma.com/check-in/evt-g2MHPzFAwzYN3zX?pk=g-v9xhQCdFtj63oEP,,,,,,,,,,,,,,,,,,,,,,,
gst-H6VqkaGvymrPnYd,Michael Kwon,Michael,Kwon,minhyungmichaelkwon@gmail.com,,2026-08-07T18:46:03.802Z,invited,,,,,,,,,,,,,,,,https://luma.com/check-in/evt-g2MHPzFAwzYN3zX?pk=g-v13p5BHYwz0Bl6M,,,,,,,,,,,,,,,,,,,,,,,
gst-Gh1GOyg3AwpdCHy,Karen Lee,,,karenbanlee@gmail.com,,2026-08-07T18:46:03.802Z,invited,,,,,,,,,,,,,,,,https://luma.com/check-in/evt-g2MHPzFAwzYN3zX?pk=g-AE1toEq10w7uTlO,,,,,,,,,,,,,,,,,,,,,,,
gst-GeVzwL8FYHzIitN,Stella,Stella,,stella11@korea.ac.kr,,2026-08-07T18:46:03.802Z,invited,,,,,,,,,,,,,,,,https://luma.com/check-in/evt-g2MHPzFAwzYN3zX?pk=g-rr744qCcV9ku80j,,,,,,,,,,,,,,,,,,,,,,,
gst-Ga2Qh1uglpxfLHv,Goonho Park,Goonho,Park,neuropa@stanford.edu,,2026-08-07T18:46:03.802Z,invited,,,,,,,,,,,,,,,,https://luma.com/check-in/evt-g2MHPzFAwzYN3zX?pk=g-pFzC8FDcB1MTy3K,,,,,,,,,,,,,,,,,,,,,,,
gst-GQnQrKjqb15cRwO,Sukyung Chung,Sukyung,Chung,sukyung.chung@gmail.com,,2026-08-07T18:46:03.802Z,invited,,,,,,,,,,,,,,,,https://luma.com/check-in/evt-g2MHPzFAwzYN3zX?pk=g-tWPLiSH7FTf7uvN,,,,,,,,,,,,,,,,,,,,,,,
gst-FybCJzWgWtfDTAl,Hyun Joon Cha,Hyun Joon,Cha,chahj0500@gmail.com,,2026-08-07T18:46:03.802Z,invited,,,,,,,,,,,,,,,,https://luma.com/check-in/evt-g2MHPzFAwzYN3zX?pk=g-hI8eQI4RNFyUb1Z,,,,,,,,,,,,,,,,,,,,,,,
gst-FSl2lz5CNdrtuZL,TAEKWAN LEE,Taekwan,Lee,ltk06twin@gmail.com,,2026-08-07T18:46:03.802Z,invited,,,,,,,,,,,,,,,,https://luma.com/check-in/evt-g2MHPzFAwzYN3zX?pk=g-7kolmIAvFAxFtER,,,,,,,,,,,,,,,,,,,,,,,
gst-FB6l5B82wqz6gGU,Soye Lee,Soye,Lee,soyelee126@gmail.com,,2026-08-07T18:46:03.802Z,invited,,,,,,,,,,,,,,,,https://luma.com/check-in/evt-g2MHPzFAwzYN3zX?pk=g-DzZhfuztOh6CM6q,,,,,,,,,,,,,,,,,,,,,,,
gst-Ep98TB60QlBdTLT,Jennifer Choi,Jennifer,Choi,jenchoi@berkeley.edu,,2026-08-07T18:46:03.802Z,invited,,,,,,,,,,,,,,,,https://luma.com/check-in/evt-g2MHPzFAwzYN3zX?pk=g-bHvZL33mAEInE81,,,,,,,,,,,,,,,,,,,,,,,
gst-ElMth4qcrc5znl5,1004 Venture Partners,1004,Venture Partners,event@1004venturepartners.com,,2026-08-07T18:46:03.802Z,invited,,,,,,,,,,,,,,,,https://luma.com/check-in/evt-g2MHPzFAwzYN3zX?pk=g-ToFS7HXAd31weZk,,,,,,,,,,,,,,,,,,,,,,,
gst-EfQ590VIUoZH7Ey,HyoungJu Seo,Hyoungju,Seo,shj5032@gmail.com,,2026-08-07T18:46:03.802Z,invited,,,,,,,,,,,,,,,,https://luma.com/check-in/evt-g2MHPzFAwzYN3zX?pk=g-z2Yxlq7fxZvVQMi,,,,,,,,,,,,,,,,,,,,,,,
gst-ECFUOAOd3Sj5yUM,박대식,,,babywolf@gmail.com,,2026-08-07T18:46:03.802Z,invited,,,,,,,,,,,,,,,,https://luma.com/check-in/evt-g2MHPzFAwzYN3zX?pk=g-GdsmwG25nsVd237,,,,,,,,,,,,,,,,,,,,,,,
gst-Dpjbh1aQvpGXApa,Natalie Huh,Natalie,Huh,nataliehuh0@gmail.com,,2026-08-07T18:46:03.802Z,invited,,,,,,,,,,,,,,,,https://luma.com/check-in/evt-g2MHPzFAwzYN3zX?pk=g-mwIvGaeaOBtKo6y,,,,,,,,,,,,,,,,,,,,,,,
gst-DKiMASwyA6TAl42,Ji Yeon Kim,Ji Yeon,Kim,wldus2200@hotmail.com,,2026-08-07T18:46:03.802Z,invited,,,,,,,,,,,,,,,,https://luma.com/check-in/evt-g2MHPzFAwzYN3zX?pk=g-A8dBTrLwcaXVnqz,,,,,,,,,,,,,,,,,,,,,,,
gst-D2q7jykWNtyiTuU,Seon Min Kim,Seon Min,Kim,esther.k.sf@gmail.com,,2026-08-07T18:46:03.802Z,invited,,,,,,,,,,,,,,,,https://luma.com/check-in/evt-g2MHPzFAwzYN3zX?pk=g-pVM0qTiiZQNhYUz,,,,,,,,,,,,,,,,,,,,,,,
gst-CmMQsW0VDLvbaGI,Aakash Vardhan Madabhushi,Aakash,Madabhushi,aakashvardhan.madabhushi@sjsu.edu,,2026-08-07T18:46:03.802Z,invited,,,,,,,,,,,,,,,,https://luma.com/check-in/evt-g2MHPzFAwzYN3zX?pk=g-utMb1sWNb68b1pX,,,,,,,,,,,,,,,,,,,,,,,
gst-Cl8n3CG57Kyl12x,Ga-Eun Kim,Ga-Eun,Kim,03gaeun.kim@gmail.com,,2026-08-07T18:46:03.802Z,invited,,,,,,,,,,,,,,,,https://luma.com/check-in/evt-g2MHPzFAwzYN3zX?pk=g-kKW7BA6SaOqCC5Q,,,,,,,,,,,,,,,,,,,,,,,
gst-Cj6pWe4hqxGIBqj,Taeho Park,,,taeho.park@sjsu.edu,,2026-08-07T18:46:03.802Z,invited,,,,,,,,,,,,,,,,https://luma.com/check-in/evt-g2MHPzFAwzYN3zX?pk=g-9g00Qg35hXEsRo7,,,,,,,,,,,,,,,,,,,,,,,
gst-CI9VVRPYPt9Jglj,Haeun Choi,Haeun,Choi,daisy.haeunchoi@gmail.com,,2026-08-07T18:46:03.802Z,invited,,,,,,,,,,,,,,,,https://luma.com/check-in/evt-g2MHPzFAwzYN3zX?pk=g-tjJrlEBzyYr9rkg,,,,,,,,,,,,,,,,,,,,,,,
gst-CCn0PltDC2PdmAh,Hyun Woo Lee,Hyun Woo,Lee,hwlee90@stanford.edu,,2026-08-07T18:46:03.802Z,invited,,,,,,,,,,,,,,,,https://luma.com/check-in/evt-g2MHPzFAwzYN3zX?pk=g-EyApKJxkNj8UbP0,,,,,,,,,,,,,,,,,,,,,,,
gst-BndnySh3v4gw2cR,Bernie K,Bernie,Kong,kongshanyang@126.com,,2026-08-07T18:46:03.802Z,invited,,,,,,,,,,,,,,,,https://luma.com/check-in/evt-g2MHPzFAwzYN3zX?pk=g-1FAKTU8nLbfNJKJ,,,,,,,,,,,,,,,,,,,,,,,
gst-Bf83sWCEDwJ1vO9,김형진,형진,김,hyungjinkim1209@gmail.com,,2026-08-07T18:46:03.802Z,invited,,,,,,,,,,,,,,,,https://luma.com/check-in/evt-g2MHPzFAwzYN3zX?pk=g-TDeuxHIzQM8OJEs,,,,,,,,,,,,,,,,,,,,,,,
gst-BOd2AbQgTSCX99y,Sean Kwak,Sean,Kwak,seanckwak@stanford.edu,,2026-08-07T18:46:03.802Z,invited,,,,,,,,,,,,,,,,https://luma.com/check-in/evt-g2MHPzFAwzYN3zX?pk=g-zAyexZKBz92sYGo,,,,,,,,,,,,,,,,,,,,,,,
gst-AS4CHMh5FEiCJzX,Voinosis.CEO. Grace J Shin,Grace,신,eardoc70@voinosis.com,,2026-08-07T18:46:03.802Z,invited,,,,,,,,,,,,,,,,https://luma.com/check-in/evt-g2MHPzFAwzYN3zX?pk=g-LDbe3HYjRRcs4FI,,,,,,,,,,,,,,,,,,,,,,,
gst-AFwbaTC1pR7HgPs,Yeonwoo Jeong,Yeonwoo,Jeong,ariaj02270@gmail.com,,2026-08-07T18:46:03.802Z,invited,,,,,,,,,,,,,,,,https://luma.com/check-in/evt-g2MHPzFAwzYN3zX?pk=g-DVwikI5ZPjzxuhv,,,,,,,,,,,,,,,,,,,,,,,
gst-AFBTB1bmazcGU01,Lindsey Chang,Lindsey,Chang,chang.hayeon@gmail.com,,2026-08-07T18:46:03.802Z,invited,,,,,,,,,,,,,,,,https://luma.com/check-in/evt-g2MHPzFAwzYN3zX?pk=g-udRFihwvPiitcnW,,,,,,,,,,,,,,,,,,,,,,,
gst-A25pJ6NHu2J8j60,Ravikant Dintyala,Venkata Subrahmanya Ravikant,Dintyala,ravikant@vectronaut.com,,2026-08-07T18:46:03.802Z,declined,,,,,,,,,,,,,,,,https://luma.com/check-in/evt-g2MHPzFAwzYN3zX?pk=g-qriEmZ6TL1DN99Y,,,,,,,,,,,,,,,,,,,,,,,
gst-9rUGapfgxTDfHAO,Inkyu Kim,Inkyu,Kim,inkyukim2003@gmail.com,,2026-08-07T18:46:03.802Z,invited,,,,,,,,,,,,,,,,https://luma.com/check-in/evt-g2MHPzFAwzYN3zX?pk=g-2i52bDNdntRbCMu,,,,,,,,,,,,,,,,,,,,,,,
gst-983y6lyYBgIjtEA,Kyeongrae CHO,Kyeongrae,Cho,chokyeongrae26@gmail.com,,2026-08-07T18:46:03.802Z,invited,,,,,,,,,,,,,,,,https://luma.com/check-in/evt-g2MHPzFAwzYN3zX?pk=g-S3oFYxqe9ll5olK,,,,,,,,,,,,,,,,,,,,,,,
gst-979556jc4n6qrog,이윤하,윤하,이,a62346986@gmail.com,,2026-08-07T18:46:03.802Z,invited,,,,,,,,,,,,,,,,https://luma.com/check-in/evt-g2MHPzFAwzYN3zX?pk=g-1sb7spyNiAg9eGS,,,,,,,,,,,,,,,,,,,,,,,
gst-8c5HYZsjQIjM4Js,Morris Koo,Morris,Koo,morris@ovi.vc,,2026-08-07T18:46:03.802Z,invited,,,,,,,,,,,,,,,,https://luma.com/check-in/evt-g2MHPzFAwzYN3zX?pk=g-D0D0mP84IxAFFQp,,,,,,,,,,,,,,,,,,,,,,,
gst-8V0f2f2TqXiIgmM,유우종,우종,유,vjejr32@naver.com,,2026-08-07T18:46:03.802Z,invited,,,,,,,,,,,,,,,,https://luma.com/check-in/evt-g2MHPzFAwzYN3zX?pk=g-HDCgE7svxkKq4c5,,,,,,,,,,,,,,,,,,,,,,,
gst-7yHCSCh7XN91VFJ,Hagoon Jang,Hagoon,Jang,hjang620@stanford.edu,,2026-08-07T18:46:03.802Z,invited,,,,,,,,,,,,,,,,https://luma.com/check-in/evt-g2MHPzFAwzYN3zX?pk=g-UtvMfqIAW7cnrxj,,,,,,,,,,,,,,,,,,,,,,,
gst-7KCxHe7cBfC3ioF,Samuel Hwang,Samuel,Hwang,samuelsfca415@gmail.com,,2026-08-07T18:46:03.802Z,invited,,,,,,,,,,,,,,,,https://luma.com/check-in/evt-g2MHPzFAwzYN3zX?pk=g-O9JqjoHq7gMtrem,,,,,,,,,,,,,,,,,,,,,,,
gst-6cm9vzytMY6jjRp,Sachin Keswani,Sachin,Keswani,skeswani2005@gmail.com,,2026-08-07T18:46:03.802Z,invited,,,,,,,,,,,,,,,,https://luma.com/check-in/evt-g2MHPzFAwzYN3zX?pk=g-nLZx6ejOnbpCBhp,,,,,,,,,,,,,,,,,,,,,,,
gst-5dPXX0zu0vxPOkq,이건희,건희,이,leegeh1213@gmail.com,,2026-08-07T18:46:03.802Z,invited,,,,,,,,,,,,,,,,https://luma.com/check-in/evt-g2MHPzFAwzYN3zX?pk=g-8eKcZCqnUPtlBbo,,,,,,,,,,,,,,,,,,,,,,,
gst-5I2ghbo1TCUbuTn,Hye-Jin Oh,Hye-Jin,Oh,hye-jin.oh@applied.co,,2026-08-07T18:46:03.802Z,invited,,,,,,,,,,,,,,,,https://luma.com/check-in/evt-g2MHPzFAwzYN3zX?pk=g-CFX0d5vcW1N8xoU,,,,,,,,,,,,,,,,,,,,,,,
gst-55yClkDBgx2Gj4B,Naomi,Naomi,,bansheenaomi@gmail.com,,2026-08-07T18:46:03.802Z,invited,,,,,,,,,,,,,,,,https://luma.com/check-in/evt-g2MHPzFAwzYN3zX?pk=g-kv7yGZy1hDokxaB,,,,,,,,,,,,,,,,,,,,,,,
gst-4WAMbxQNSyI3XDl,Nishalini,Nishalini,,nishalinir@gmail.com,,2026-08-07T18:46:03.802Z,invited,,,,,,,,,,,,,,,,https://luma.com/check-in/evt-g2MHPzFAwzYN3zX?pk=g-Pg5MKzEVeXHgzP8,,,,,,,,,,,,,,,,,,,,,,,
gst-4MLHkqUcVazd4jA,Minji Kang,Minji,,minji.kang@stanford.edu,,2026-08-07T18:46:03.802Z,invited,,,,,,,,,,,,,,,,https://luma.com/check-in/evt-g2MHPzFAwzYN3zX?pk=g-eWoGDIuHRe5AFhF,,,,,,,,,,,,,,,,,,,,,,,
gst-3wgaTly2HM8iD7K,John HAN,John,Han,john@dmillions.co.kr,,2026-08-07T18:46:03.802Z,invited,,,,,,,,,,,,,,,,https://luma.com/check-in/evt-g2MHPzFAwzYN3zX?pk=g-EyHlAMcev8HEdmT,,,,,,,,,,,,,,,,,,,,,,,
gst-3tOqJUOcQUNGKq5,Noah Song,Noah,Song,noahsong0222@gmail.com,,2026-08-07T18:46:03.802Z,invited,,,,,,,,,,,,,,,,https://luma.com/check-in/evt-g2MHPzFAwzYN3zX?pk=g-qyATFR8DDMTUSlA,,,,,,,,,,,,,,,,,,,,,,,
gst-3cu5rbFU4YcyTvi,Howon Lee,Howon,Lee,howon52@gmail.com,,2026-08-07T18:46:03.802Z,invited,,,,,,,,,,,,,,,,https://luma.com/check-in/evt-g2MHPzFAwzYN3zX?pk=g-RBSQKDqoQVoyaU6,,,,,,,,,,,,,,,,,,,,,,,
gst-30wh0ukCkRESRrw,Young Kim,Young,Kim,karchive000@gmail.com,,2026-08-07T18:46:03.802Z,invited,,,,,,,,,,,,,,,,https://luma.com/check-in/evt-g2MHPzFAwzYN3zX?pk=g-TVbNc34sOvM4Kkp,,,,,,,,,,,,,,,,,,,,,,,
gst-2zvCnHA8E2hgbHT,Tae Yoon Lee,Tae Yoon,Lee,harrytyl@stanford.edu,,2026-08-07T18:46:03.802Z,invited,,,,,,,,,,,,,,,,https://luma.com/check-in/evt-g2MHPzFAwzYN3zX?pk=g-U61Pl4UDI4oTZfR,,,,,,,,,,,,,,,,,,,,,,,
gst-2wrlPqAc0as5fkY,Oh-Hyoung KWON,Oh-Hyoung,Kwon,ohhyoung.kwon@gmail.com,,2026-08-07T18:46:03.802Z,invited,,,,,,,,,,,,,,,,https://luma.com/check-in/evt-g2MHPzFAwzYN3zX?pk=g-G5zPM00mfZm4zfX,,,,,,,,,,,,,,,,,,,,,,,
gst-2rROyxCOfhcZ7L1,MiSook Chung,Misook,Chung,misookchung1226@gmail.com,,2026-08-07T18:46:03.802Z,invited,,,,,,,,,,,,,,,,https://luma.com/check-in/evt-g2MHPzFAwzYN3zX?pk=g-d1XuYGbn68nbsBJ,,,,,,,,,,,,,,,,,,,,,,,
gst-2YYyANNeb0LpElX,Hyesun Soung,Hyesun,Soung,hssoung@thewelcome.co.kr,,2026-08-07T18:46:03.802Z,invited,,,,,,,,,,,,,,,,https://luma.com/check-in/evt-g2MHPzFAwzYN3zX?pk=g-35ggAy5YowxAuh4,,,,,,,,,,,,,,,,,,,,,,,
gst-2XSSzLehjeTJzdf,Ulzee An,Ulzee,An,ulzee@cs.ucla.edu,,2026-08-07T18:46:03.802Z,invited,,,,,,,,,,,,,,,,https://luma.com/check-in/evt-g2MHPzFAwzYN3zX?pk=g-R9Ft7GVMMEaff0p,,,,,,,,,,,,,,,,,,,,,,,
gst-2T5pYFGF4ruF1sb,김하나,하나,김,skyandme77@gmail.com,,2026-08-07T18:46:03.802Z,invited,,,,,,,,,,,,,,,,https://luma.com/check-in/evt-g2MHPzFAwzYN3zX?pk=g-bgkfgn90yqtc4iP,,,,,,,,,,,,,,,,,,,,,,,
gst-2LxAvSLE6IdnCTR,Andrew Park,Andrew,Park,andysampark@gmail.com,,2026-08-07T18:46:03.802Z,invited,,,,,,,,,,,,,,,,https://luma.com/check-in/evt-g2MHPzFAwzYN3zX?pk=g-qNG55W7PuPypxoM,,,,,,,,,,,,,,,,,,,,,,,
gst-27XmzduHkcxusvG,Ellie,Gabrielle,Drinkwine,gabrielledrinkwine@gmail.com,,2026-08-07T18:46:03.802Z,invited,,,,,,,,,,,,,,,,https://luma.com/check-in/evt-g2MHPzFAwzYN3zX?pk=g-0oUvY0jiE9QwU7j,,,,,,,,,,,,,,,,,,,,,,,
gst-21fQlQeYszTUNvv,Chanjung Kim,Chanjung,Kim,chanjung1004@gmail.com,,2026-08-07T18:46:03.802Z,invited,,,,,,,,,,,,,,,,https://luma.com/check-in/evt-g2MHPzFAwzYN3zX?pk=g-bU9Ddsa6xhKXpYD,,,,,,,,,,,,,,,,,,,,,,,
gst-1w1gweCPEA5uPYH,Bahar Hassantash,Bahar,Hassantash,bhasantash@gmail.com,,2026-08-07T18:46:03.802Z,invited,,,,,,,,,,,,,,,,https://luma.com/check-in/evt-g2MHPzFAwzYN3zX?pk=g-EB87mwxECiNORyU,,,,,,,,,,,,,,,,,,,,,,,
gst-0qFRZmqcFGsqObf,Kim Taehun,Taehun,Kim,kth20050130@gmail.com,,2026-08-07T18:46:03.802Z,invited,,,,,,,,,,,,,,,,https://luma.com/check-in/evt-g2MHPzFAwzYN3zX?pk=g-BSDYRVjjTiZEe1n,,,,,,,,,,,,,,,,,,,,,,,
gst-0iFtAuC8uJtN3XN,Alex Moon,Alex,Moon,alexmooncake@gmail.com,,2026-08-07T18:46:03.802Z,invited,,,,,,,,,,,,,,,,https://luma.com/check-in/evt-g2MHPzFAwzYN3zX?pk=g-wzt7Iiw0uLkXKHA,,,,,,,,,,,,,,,,,,,,,,,
gst-0CDjWWjgn6Vl75f,Ahreum Hong,Ahreum,Hong,ahreumhong00@gmail.com,,2026-08-07T18:46:03.802Z,invited,,,,,,,,,,,,,,,,https://luma.com/check-in/evt-g2MHPzFAwzYN3zX?pk=g-GxiqhVzrlnaPXXL,,,,,,,,,,,,,,,,,,,,,,,
gst-xnqBNmw8DDKkQ79,Sunghee Yun,Sunghee,Yun,sunghee.yun@gmail.com,,2026-08-07T18:44:05.016Z,approved,,,,,,,,,,,,,,,,https://luma.com/check-in/evt-g2MHPzFAwzYN3zX?pk=Aat9QYBUAWHC6Eu,$0.00,$0.00,$0.00,usd,,,,,,ttype-ueuDPgwIUisyg2Y,Standard,Sunghee Yun,https://linkedin.com/in/sungheeyun,"Erudio Bio, Inc. / Erudio Bio Korea, Inc. / Silicon Valley AI Nexus",Co-Founder & CTO / CEO / Leader & Chair,Founder / CEO / C-Suite,"Healthcare / Clinical Medicine, Artificial Intelligence / Machine Learning, Biotech / Pharmaceuticals / Drug Discovery, Medical Devices / Digital Health, Diagnostics / Biomarkers",,,,No,,