guest_id,name,approval_status,"Preferred Name for Badge (e.g., Korean name)",Current Company or Organization,Job Title,What best describes your primary role? (Select one),Which domain(s) best describe your area of expertise or interest? (Select up to 2)
gst-iE5ojNCPK9XjAkp,Sungjoon Nam,approved,남성준,GoCodebook Inc,CEO,Executive (CEO / CTO / VP),Artificial Intelligence / Machine Learning
gst-6VRbzEo0GcCjGv3,Frank Yim Contact INfo,approved,Frank Yim,KOTRA Silicon Valley,Senior Manager Marketing,Business Development / Sales / Marketing,Manufacturing / Industrial / Supply Chain
gst-LJPLzBeVsUByU8H,Jongmin Sung,approved,성종민,Stanford CVI,Lead AI Research Scientist,AI / ML Engineer,"Healthcare / Biotech / Life Sciences, Artificial Intelligence / Machine Learning, Data Science / Data Engineering"
gst-jLGhkFDUj675Xh8,Minae,approved,Minae Park,Qcells,"Director, Business Planning",Manager / Team Lead,Finance / Fintech / Investment
gst-yHDP21Jiyzs9NR5,Wonook Song,approved,Wonook Song,NVIDIA Corp,Sr. Software Systems Eng.,Software Engineer / Developer,"Artificial Intelligence / Machine Learning, Software / Cloud / Infrastructure"
gst-ErX0364rlf1M9Hz,Sung Choi,approved,Choi Sung Won 최성원,Deutsche Bank,Director,Investor / VC / Angel,"Finance / Fintech / Investment, Entrepreneurship / Startups"
gst-3lMrkMVfIehiWA6,이승훈,approved,이승훈,Ringle,Co-founder,Founder / Entrepreneur,"Entrepreneurship / Startups, Education / EdTech / Academia"
gst-d0wQmi2tYH7GAkk,Phoebe Yu,approved,Phoebe Yu,Buzzline Ai,Co-Founder / Investor,Journalist / Media,"Marketing / Sales / Growth, Software / Cloud / Infrastructure, Artificial Intelligence / Machine Learning, Consumer Tech / Media / Entertainment"
gst-fttNJa7v9b35mJ5,Chenchen Yu,approved,SF Tech Week,Stealth Startup (pre-seed),Founder,Founder / Entrepreneur,Entrepreneurship / Startups
gst-nCE8DzN2THKjK5T,Luna,approved,NURI CHOI,Samsung,Market Intelligence,HR / Recruiting / Talent,"Software / Cloud / Infrastructure, Enterprise / B2B Software"
gst-sZxPy8oGszeuce1,Raghav Choudhary,approved,Raghav,LM,ML engineer,AI / ML Engineer,"Software / Cloud / Infrastructure, Artificial Intelligence / Machine Learning"
gst-xl1rSRpIvFdgeWT,Sewook Wee,approved,Sewook Wee (Ringle),Ringle,Head of Tech & Data,Executive (CEO / CTO / VP),"Software / Cloud / Infrastructure, Artificial Intelligence / Machine Learning, Data Science / Data Engineering"
gst-23TOLkKD4ZqgrOQ,Soyoung Lee,approved,이소영(Soyoung Lee),StealCut,GTM Lead,Business Development / Sales / Marketing,"Entrepreneurship / Startups, Cybersecurity / Privacy"
gst-3FR74L1NaLIf9dp,Dasol Choi,approved,Dasol Choi,AIM Intelligence,Principal Researcher,Researcher / Scientist,"Cybersecurity / Privacy, Data Science / Data Engineering"
gst-zzz2N1kBYQdJEFo,하규원,approved,하규원,StealCut,COO(Co-founder),Business Development / Sales / Marketing,Artificial Intelligence / Machine Learning
gst-hERR5fhH6kHlvgx,Min P. Hong,approved,Min Pyo Hong,SEWORKS,Founder and CEO,Executive (CEO / CTO / VP),"Cybersecurity / Privacy, Entrepreneurship / Startups, Enterprise / B2B Software, Artificial Intelligence / Machine Learning, Software / Cloud / Infrastructure"
gst-QhfNYIK6dCiKbZc,Changyung Kim,approved,김창영,서울경제신문,특파원,Journalist / Media,Other
gst-AhGij0RCWmtPIW1,LUKE,approved,Luke,Telica,Ceo,Founder / Entrepreneur,"Consumer Tech / Media / Entertainment, Other"
gst-bnFHEzBbbxyIuC6,Swift Sheng,approved,Swift,Quanta Manufacturing Fremont,Datacenter Engineer,IT / DevOps / Infrastructure / Security,"Software / Cloud / Infrastructure, Artificial Intelligence / Machine Learning, Cybersecurity / Privacy"
gst-lqL1wUr7PwoYBDo,Daehun Kim,approved,김대훈 (Daehun Kim),ELBA Corp. (YouViCo),CSO,Executive (CEO / CTO / VP),"Artificial Intelligence / Machine Learning, Consumer Tech / Media / Entertainment"
gst-uGBty4rcsqiaPCV,Daniel Chung,approved,Daniel Chung,National KABA,Board Member,Attorney / Legal / Compliance,"Law / Regulation / IP / Policy, Government / Public Sector / Defense"
gst-ZysZzFuJ2Zx6FUf,Bailey Li,approved,Bailey Li,NAPA Academy Inc.,Founder,Business Development / Sales / Marketing,"Artificial Intelligence / Machine Learning, Human Resources / Future of Work"
gst-pP6tiQ3ukyHGMB2,Luis,approved,Luis,Opteemo,CEO,Product Manager,"Entrepreneurship / Startups, Energy / Climate / Sustainability"
gst-F71IXfGNnxHfM3f,Joshua Elkington,approved,Josh,Grep One,Startup,AI / ML Engineer,Artificial Intelligence / Machine Learning
gst-KCGrU8x0fDyVHex,Ethan Reed,approved,전준혁,Temple of Herbs,CEO,Founder / Entrepreneur,"Artificial Intelligence / Machine Learning, Healthcare / Biotech / Life Sciences"
gst-5m0xrIbBNG1JKkb,이혜성,approved,Hyeseong Lee,SJSU,Researcher,Researcher / Scientist,"Artificial Intelligence / Machine Learning, Cybersecurity / Privacy"
gst-GbzDJ4sPO93s96L,Jinwoo Shin,approved,Jinwoo Shin,Stanford University,Postdoctoral Scholar,Researcher / Scientist,Healthcare / Biotech / Life Sciences
gst-J5iDXwLl9XKFxQX,Ghayoung,approved,이가영,Erudio Bio,Advisior,Researcher / Scientist,Healthcare / Biotech / Life Sciences
gst-aafgkqOPrgRccbf,Mike Pak,approved,Mike Pak,WBD,CTO,Executive (CEO / CTO / VP),"Semiconductors / Hardware / Chips, Entrepreneurship / Startups"
gst-oCA4ubx7QNKPPYY,Jung A Yun,approved,윤정,LG NOVA,HQ Liaison,Other,Entrepreneurship / Startups
gst-w8r0FQsteyuNmNn,Ji Hyeon Kim,approved,김지현,Stanford University,Postdoc,Researcher / Scientist,Healthcare / Biotech / Life Sciences
gst-91WcH1N8ckRKJan,Hyejin (Kristine) Kim,approved,Kristine Kim,Walmart,AI Product Lead,Product Manager,Consumer Tech / Media / Entertainment
gst-2h4QDaoA1Tz78aD,Rahul Rana,approved,Rahul Rana,Kaliber AI,AI Researcher,AI / ML Engineer,"Artificial Intelligence / Machine Learning, Robotics / Automation / Autonomous Systems"
gst-lSGpJrh2TD9zGIA,Mia,approved,Mia,-,Growth Lead,Manager / Team Lead,"Artificial Intelligence / Machine Learning, Finance / Fintech / Investment"
gst-4ALbwxp2wLW5vfz,지환킴,approved,김지환,Stanford,MBA student,IT / DevOps / Infrastructure / Security,Artificial Intelligence / Machine Learning
gst-LE89Fk9SMnNSxaa,김민수,approved,Minsu Kim,N/A,Korean attorney,Attorney / Legal / Compliance,Law / Regulation / IP / Policy
gst-5YJwdZJkvU2mbQd,Eun Sook Moon,approved,Sophia Moon,KOTRA,GTM & Business Development Manager,Business Development / Sales / Marketing,"Robotics / Automation / Autonomous Systems, Automotive / Mobility / Transportation"
gst-kUQ0XIBqgbMVXyJ,Seung-Hun Jeon(전승훈),approved,전승훈,Thaki Cloud,CTO,Executive (CEO / CTO / VP),Software / Cloud / Infrastructure
gst-JtJsvhD57GZHeKE,Brian Song,approved,Brian Song (송인혁),Kairos Power,Director,Investor / VC / Angel,Energy / Climate / Sustainability
gst-UAt6XM2WjlVJsch,Kyungmin Baek,approved,백경민,Samsung San Jose,Senior Engineer,Hardware / Semiconductor / Electrical Engineer,Semiconductors / Hardware / Chips
gst-VASkk0Y2iRoqkbi,HK Kwon,approved,권혁민 (HK),SK hynix Ventures,Investment Director,Investor / VC / Angel,"Semiconductors / Hardware / Chips, Software / Cloud / Infrastructure"
gst-H9kGFXfgW4fUFI5,Isabel Hyo Jung Song,approved,Hyo Jung Song,"SFSU, a stealth startup",professor,Researcher / Scientist,Artificial Intelligence / Machine Learning
gst-IgQiDp5cnQfyyVk,Rob L,approved,Rob,Indep,SWE,Software Engineer / Developer,"Artificial Intelligence / Machine Learning, Software / Cloud / Infrastructure"
gst-bHFcpEiKmgZbOQj,Minha Hwang,approved,Minha Hwang,Microsoft,Principal Applied Scientist,Researcher / Scientist,Artificial Intelligence / Machine Learning
gst-rIdPmQsOvjM6r56,MANOJ JHA,approved,Manoj Jha,Lam Research ,Staff Engineer ,Software Engineer / Developer,"Semiconductors / Hardware / Chips, Software / Cloud / Infrastructure"
gst-CFAb0XQEJKfL1uh,Christian Nitescu,approved,니스쿠 크리스,PNNCo,Global Tech Deployment Lead,Business Development / Sales / Marketing,"Law / Regulation / IP / Policy, Marketing / Sales / Growth"
gst-1A4lhad4yWEFDOB,Andrea l,approved,Andrea Liu,Li Family Office,Investment Officer,Executive (CEO / CTO / VP),"Energy / Climate / Sustainability, Manufacturing / Industrial / Supply Chain, Automotive / Mobility / Transportation, Semiconductors / Hardware / Chips, Robotics / Automation / Autonomous Systems, Artificial Intelligence / Machine Learning"
gst-2t5NEc8BJfFLOiQ,Woopoung Kim,approved,Woopoung Kim,Samsung,Sr. Advisor,Hardware / Semiconductor / Electrical Engineer,Semiconductors / Hardware / Chips
gst-zxEssiAsQc1x7ZT,Ji won,approved,Jiwon,CBRE,Client Strategy Analyst,Other,Artificial Intelligence / Machine Learning
gst-vOGMvLuN6Mur2eU,Rufina Park,approved,Rufina Park,Ottiya ,CEO,Executive (CEO / CTO / VP),"Entrepreneurship / Startups, Consumer Tech / Media / Entertainment, Arts / Creative / Content, Education / EdTech / Academia"
gst-9lBNv8rwY1SVESM,sungho kim,approved,Sungho Kim,cafedvd,ceo,Founder / Entrepreneur,Consumer Tech / Media / Entertainment
gst-DjZ17vDNAgPgGPf,Jason Lim,approved,Jason Lim,Apple,Product Manager,Product Manager,Government / Public Sector / Defense
gst-zA37nWSBssZn9on,Chloe Lee,approved,다희,Supermicro,Technical Sales,Business Development / Sales / Marketing,Marketing / Sales / Growth
gst-dRAVA5jTMDcPeX5,Zoe Gu,approved,Jimin Gu,UC Berkeley,Post doctoral reseacher,"Engineer (Other: Mechanical, Robotics, etc.)","Robotics / Automation / Autonomous Systems, Semiconductors / Hardware / Chips, Manufacturing / Industrial / Supply Chain"
gst-LjqJn32SgRhteMn,BaekLinda,approved,백운주,KSWAN Ventures,Founder/CEO,Investor / VC / Angel,"Entrepreneurship / Startups, Enterprise / B2B Software, Marketing / Sales / Growth"
gst-lDptcID5Ghj75we,Shail Lande,approved,Shail,Zsclaer,Principal engineer,IT / DevOps / Infrastructure / Security,"Cybersecurity / Privacy, Quantum Computing, Software / Cloud / Infrastructure, Artificial Intelligence / Machine Learning"
gst-xtcwIhWiD9J0NtE,Alex Moon,approved,Alex Moon,Coupa Software,Product Manager ,Product Manager,Artificial Intelligence / Machine Learning
gst-VYuzzrjmZADnOZH,HK,approved,권혁민 (HK),SK hynix Ventures,Investment Director,Investor / VC / Angel,"Semiconductors / Hardware / Chips, Software / Cloud / Infrastructure"
gst-HQo9sdPeShSe8TI,Victor Cho,approved,Victor Cho,Emovid,CEO and Co-Founder,Executive (CEO / CTO / VP),Artificial Intelligence / Machine Learning
gst-DOrT7144VFQenh9,Kyeyeon Kim,approved,김계연,GENIANS,CTO,Executive (CEO / CTO / VP),"Cybersecurity / Privacy, Software / Cloud / Infrastructure"
gst-4R2t8wZIFKpOGj3,Kevin Park,approved,Kevin Park,City of Santa Clara ,Council Member,Software Engineer / Developer,"Artificial Intelligence / Machine Learning, Software / Cloud / Infrastructure"
gst-D9SBDFGB1xCeJyn,Yonghyun Hwang,approved,Yonghyun,N/A,N/A,Retired / Career Transition / Job Seeking,"Semiconductors / Hardware / Chips, Software / Cloud / Infrastructure"
gst-IMpCjiASY0xfg6q,박지윤,approved,Jiyoon Park,뱅크웨어글로벌(Bankware global),Senior Engineer,Software Engineer / Developer,"Software / Cloud / Infrastructure, Finance / Fintech / Investment"
gst-3qV1hBOTzGEEF8D,이수인,approved,Suin Lee,Konan Technology,"Business Planning & Operations, Lingo-X",Manager / Team Lead,"Artificial Intelligence / Machine Learning, Enterprise / B2B Software"
gst-rN9VR1zzw7jf6Q0,박연선,approved,Youn Sun Park,SK telecom,Senior Manager,Product Manager,"Artificial Intelligence / Machine Learning, Energy / Climate / Sustainability"
gst-XXGBBcDsRBfRsPx,김현익,approved,김현익,HUBASE,CEO,Founder / Entrepreneur,"Healthcare / Biotech / Life Sciences, Marketing / Sales / Growth"
gst-NgVkarjlILIhuYf,Hyunwoo Chung,approved,Hyunwoo,Hyundai motor company,Investment manager,Investor / VC / Angel,"Artificial Intelligence / Machine Learning, Robotics / Automation / Autonomous Systems"
gst-4mVlDTsm2YWb5JM,김학덕(KIM HAK DEOK),approved,김학덕,TRUEN,Principal Research Engineer,Hardware / Semiconductor / Electrical Engineer,"Other, Software / Cloud / Infrastructure"
gst-6VoYe50zSBlUdlB,Yoonsun Won,approved,원윤선,Misotech,Developer,Software Engineer / Developer,"Artificial Intelligence / Machine Learning, Data Science / Data Engineering"
gst-dzpyKVQ0skDhqWD,Gitae Jang,approved,장기태,Soongsil University,Student (M.S),AI / ML Engineer,"Artificial Intelligence / Machine Learning, Software / Cloud / Infrastructure"
gst-FcI58C5RmmmzIkX,LEE SO YOUN,approved,이소연,"Pyeonghwa IS Co., Ltd.",MIS Operations Developer,Software Engineer / Developer,"Healthcare / Biotech / Life Sciences, Data Science / Data Engineering, Software / Cloud / Infrastructure, Artificial Intelligence / Machine Learning"
gst-fXVWZK7m4BbZ7wT,김익현,approved,김익현,미소테크,R&D사업부,Software Engineer / Developer,"Artificial Intelligence / Machine Learning, Software / Cloud / Infrastructure"
gst-byMG1HUJIL1MNys,Kyeongran Yoo,approved,Kyeongran Yoo,Solidigm ,NAND Algorithm Architect ,Hardware / Semiconductor / Electrical Engineer,Semiconductors / Hardware / Chips
gst-gITWaE9Im5SkHXw,Gwansuk Kang,approved,Gwansuk Kang,Stanford University,Research Engineer,Researcher / Scientist,"Healthcare / Biotech / Life Sciences, Entrepreneurship / Startups"
gst-EOLzpBZguzdEBIC,Bernie K,approved,Bernie K,robotics,cmo,Software Engineer / Developer,Software / Cloud / Infrastructure
gst-YQktblFiqaIBp3I,Julia yi,declined,Julia,Affirm ,Sr Data Science Manager ,Manager / Team Lead,"Finance / Fintech / Investment, Data Science / Data Engineering"
gst-ABlP04mTtO0BRnw,Max Min,approved,Max Min,LIKELION,US Head,Founder / Entrepreneur,"Education / EdTech / Academia, Artificial Intelligence / Machine Learning, Finance / Fintech / Investment, Entrepreneurship / Startups"
gst-PfDadC2fmfXtjm5,SoHyun Lee,approved,SoHyun Lee,RT Solutions Inc.,Senior Researcher,AI / ML Engineer,"Artificial Intelligence / Machine Learning, Data Science / Data Engineering"
gst-uO0FUZNViJ8xZOi,Marina Moskowitz,approved,Marina,Apple,Senior AI Security Engineer,AI / ML Engineer,Cybersecurity / Privacy
gst-QiY8naCWFCCTJBm,Hannah Heejeong Lim,approved,Hannah,LinkedIn,Consultant,Software Engineer / Developer,Artificial Intelligence / Machine Learning
gst-8Hp2UBImre3H6mE,이재석,approved,LEE JAE SEOK,RT solutions,CEO,Executive (CEO / CTO / VP),"Artificial Intelligence / Machine Learning, Software / Cloud / Infrastructure"
gst-tqMpmaw12umRDfj,Jay Lee,approved,Jay Lee,svreboot,President,Educator / Teacher / Trainer,Human Resources / Future of Work
gst-3aI1bJRFntEojCv,DAEHAN KIM,approved,DAEHAN KIM,ONECLICK AI,CEO,Founder / Entrepreneur,"Artificial Intelligence / Machine Learning, Robotics / Automation / Autonomous Systems"
gst-FIx86HcoRK3fxM8,PARKJONGHAN,approved,박종한,"HANKOOK CTEC Co.,Ltd",Senior Associate,Business Development / Sales / Marketing,"Artificial Intelligence / Machine Learning, Manufacturing / Industrial / Supply Chain, Marketing / Sales / Growth"
gst-NODAhXCSTitL08c,Kyu Hwan Choi,approved,최규환,Stanford University ,Postdoctral Researcher,Researcher / Scientist,"Robotics / Automation / Autonomous Systems, Artificial Intelligence / Machine Learning"
gst-Cb3RiL94zHJUb5z,문영민(YOUNGMIN MOON),approved,문영민(YOUNGMIN MOON),AINATION,R&D Resercher,Researcher / Scientist,"Artificial Intelligence / Machine Learning, Robotics / Automation / Autonomous Systems, Arts / Creative / Content"
gst-JO1D8Gaj5WCJC72,James Hee Choi,approved,최희,"FingerPost Co., Ltd.",CEO,Executive (CEO / CTO / VP),"Software / Cloud / Infrastructure, Artificial Intelligence / Machine Learning"
gst-uFNU2oiZOTURwG2,이채환,approved,이채환,Big Benett,XR Developer,Software Engineer / Developer,"Software / Cloud / Infrastructure, Education / EdTech / Academia"
gst-4sNRBMxYDwjvI2w,chaerin park,approved,박채린,PYEONGHWA IS,assistant manger,IT / DevOps / Infrastructure / Security,"Software / Cloud / Infrastructure, Healthcare / Biotech / Life Sciences"
gst-48fQfBOEXobFfeK,jung younggon,approved,정용곤,"MBM,INC",Director,Finance / Accounting,Manufacturing / Industrial / Supply Chain
gst-8g6Pr9ULBxcGHDL,Hyerin Yoo,approved,유혜린,Webtogether,Software Developer,Software Engineer / Developer,"Artificial Intelligence / Machine Learning, Software / Cloud / Infrastructure, Data Science / Data Engineering, Manufacturing / Industrial / Supply Chain"
gst-a1Wg0d3r3Z5IHXl,KWANGYOUNG PARK,approved,박광영,Soongsil University,Professor,Professor / Academic Faculty,"Artificial Intelligence / Machine Learning, Education / EdTech / Academia, Marketing / Sales / Growth"
gst-avufSj4EghxobeA,한민희,approved,Minhee Han,주식회사 미소테크,sales,Executive (CEO / CTO / VP),"Artificial Intelligence / Machine Learning, Healthcare / Biotech / Life Sciences"
gst-SFtXVXeqH0HqqXx,Steve,approved,Seunghwa Song,Individual,Software engineer,Software Engineer / Developer,"Software / Cloud / Infrastructure, Artificial Intelligence / Machine Learning"
gst-JguFFHiUQAk1Q6x,Sunghee Yun,approved,Sunghee Yun,Erudio Bio / Erudio Bio Korea / Silicon Valley AI Nexus,Co-Founder & CTO / CEO / Leader & Chair,Executive (CEO / CTO / VP),"Artificial Intelligence / Machine Learning, Healthcare / Biotech / Life Sciences"